{"loss": [3.65826113681133, 3.316689228521238, 3.2289732524788017, 3.176202147614722, 3.1495131782992756, 3.116367064290979, 3.111014032424798, 3.0876371144974333], "accuracy": [0.13319708406925201, 0.1821688562631607, 0.19105888903141022, 0.20258884131908417, 0.20916619896888733, 0.20679524540901184, 0.20761272311210632, 0.2126452922821045], "val_loss": [3.6807991531160145, 3.639051074933524, 3.6156017671931875, 3.592550247606605, 3.575864760562627, 3.561745706230703, 3.552530323616182, 3.5408705533152878], "val_accuracy": [0.05700712651014328, 0.05700712651014328, 0.05700712651014328, 0.05700712651014328, 0.05700712651014328, 0.05700712651014328, 0.05700712651014328, 0.05700712651014328]}