{"loss": [2.372793982948345, 1.774971333224893, 1.5710401949472605, 1.5051807059381699, 1.4241299739391324, 1.58114048175115, 1.410201496516993, 1.3240185680175014, 1.5048269351729489, 1.6011697344037519, 1.571869533615317, 1.5169676649508035, 1.3823664048513182, 1.227617021029686, 1.193320864515905, 1.1835685147592307, 1.1311926001043122, 1.1119311154764233, 1.0860060673637673, 1.1193384444307042, 1.2358713599270919, 1.0857048750380505, 1.0407268490975867, 1.015037469821866, 1.0037139920092646, 1.0547321477784768, 0.9969310297730295, 0.9775056449233199, 0.9599228250643869, 0.9495596758081989], "accuracy": [0.33776983618736267, 0.46327754855155945, 0.5130923390388489, 0.5380253195762634, 0.5634180903434753, 0.5255077481269836, 0.565282940864563, 0.5851577520370483, 0.5752969980239868, 0.5574658513069153, 0.5618597269058228, 0.5757823586463928, 0.593741238117218, 0.6113424301147461, 0.6226593255996704, 0.6292757987976074, 0.6391620635986328, 0.6440413594245911, 0.6533656716346741, 0.6532890796661377, 0.6311406493186951, 0.6530080437660217, 0.664605975151062, 0.673649251461029, 0.6799336075782776, 0.6665729880332947, 0.6827691793441772, 0.6872908473014832, 0.6896666288375854, 0.6909183859825134], "val_loss": [13.243612308694859, 10.979843028868087, 11.924166549335826, 10.939854583354911, 9.4211287353978, 11.25598371871794, 11.155534903208414, 7.924476570553249, 8.175068380856755, 6.108586255950157, 7.28710327726422, 8.833589021605675, 7.132050456422748, 10.080161513704242, 8.774538663902668, 9.81746593629471, 8.746364229857319, 8.372291822626133, 9.748166522594413, 9.5124611565561, 10.627212071659589, 8.61200444144432, 8.920262890632706, 9.028501590092977, 8.557791242695819, 5.4889108147284, 7.071471570718168, 8.503641354917276, 8.04387761125661, 6.297267709115539], "val_accuracy": [0.05700712651014328, 0.059382423758506775, 0.049881234765052795, 0.049881234765052795, 0.049881234765052795, 0.049881234765052795, 0.049881234765052795, 0.049881234765052795, 0.049881234765052795, 0.0740300863981247, 0.05700712651014328, 0.049881234765052795, 0.049881234765052795, 0.049881234765052795, 0.049881234765052795, 0.049881234765052795, 0.05700712651014328, 0.049881234765052795, 0.059303246438503265, 0.059382423758506775, 0.049881234765052795, 0.049881234765052795, 0.049881234765052795, 0.049881234765052795, 0.05700712651014328, 0.05700712651014328, 0.049881234765052795, 0.049881234765052795, 0.049881234765052795, 0.00712589081376791]}