{"loss": [2.851062002238967, 1.9308475842203792, 1.663120119309774, 1.5060827202154101, 1.406350379508386, 1.318275201189565, 1.2613562690647915, 1.211326484137008, 1.155217093770807, 1.11386124311675, 1.0972619847463825, 1.068812570526593, 1.039280339800282, 1.0185041320073231, 1.009852228518979, 0.985205545424906], "accuracy": [0.18984641134738922, 0.3827473819255829, 0.46426284313201904, 0.5117321014404297, 0.5452554225921631, 0.5728088021278381, 0.5964823365211487, 0.6104943156242371, 0.6285897493362427, 0.6417742967605591, 0.6487402319908142, 0.6558396220207214, 0.6688907742500305, 0.6741753220558167, 0.6782587766647339, 0.6855183243751526], "val_loss": [3.871947690694019, 3.4562052379954946, 1.2373738589912955, 1.024912484667518, 0.9182282514644392, 1.4950240401908605, 0.836349325047599, 3.16779182173989, 0.721182669654037, 0.713810605081645, 0.628285214304924, 1.5590694260717644, 1.6224263418804517, 0.628424817865545, 0.6417692684464984, 2.225432521165019], "val_accuracy": [0.15043547749519348, 0.23444180190563202, 0.5889944434165955, 0.6466349959373474, 0.7035629749298096, 0.5252573490142822, 0.7251781225204468, 0.2761678397655487, 0.7656373977661133, 0.7721298336982727, 0.8067300319671631, 0.5711797475814819, 0.5222486257553101, 0.7952494025230408, 0.7889152765274048, 0.480680912733078]}