{"loss": [3.4952921226717715, 3.4681624246022866, 3.2788899648631156, 2.724525592008191, 2.470385635167669, 2.32201097626766, 2.1570958489476775, 2.020520074117829, 1.9224300711592985, 1.858512180317577, 1.8098249401190472, 1.7537209683222081, 1.7225490149507863, 1.6872900740700953, 1.6478592844595836, 1.619214476268447, 1.5823471949730965, 1.5479587359910487, 1.517327729660711, 1.4825541220427374, 1.4509882166437116, 1.4260672287331633, 1.397089994092424, 1.3823232049174352, 1.3591754104458078, 1.3383798971517908, 1.3149415550386836, 1.2955070991354232, 1.2789881438370052, 1.2608436662689833, 1.2357957625167657, 1.2346944356659528, 1.2181550907302185, 1.19581351008374, 1.1809936520434041, 1.1633741573983505, 1.1456485054364922, 1.1304801279151784, 1.1212563733987368, 1.1044511443410265, 1.089261432925703, 1.0731054579031751, 1.068032302180527, 1.0489132849882772, 1.0316698627982512, 1.0140965391251504, 0.9975749539364309, 0.9911864920360907, 0.9672437763855528, 0.9615508722396114], "accuracy": [0.05607451871037483, 0.0562613420188427, 0.10160670429468155, 0.20289313793182373, 0.2469840943813324, 0.2759688198566437, 0.3102647662162781, 0.3401302397251129, 0.3612682819366455, 0.3755738139152527, 0.38822463154792786, 0.4057061970233917, 0.41552790999412537, 0.4307408928871155, 0.44245755672454834, 0.44808903336524963, 0.46052631735801697, 0.47579267621040344, 0.48481371998786926, 0.49866682291030884, 0.505690336227417, 0.5129444003105164, 0.5255417823791504, 0.5311198830604553, 0.5370716452598572, 0.5446618795394897, 0.5508922934532166, 0.56226646900177, 0.5628803372383118, 0.5707003474235535, 0.5766520500183105, 0.5782267451286316, 0.5882886648178101, 0.5948809385299683, 0.5976833701133728, 0.6057168841362, 0.6103074550628662, 0.6148980259895325, 0.6190615892410278, 0.6232251524925232, 0.6303779482841492, 0.6361188292503357, 0.6428723931312561, 0.6458044052124023, 0.6543183326721191, 0.6592559218406677, 0.666034996509552, 0.6673961877822876, 0.6750026941299438, 0.6779118180274963], "val_loss": [3.471351474222511, 3.454970996789258, 2.898367413366684, 2.403874256394126, 2.221742539694815, 2.0619186752974383, 1.9088012588144554, 1.7984712039581452, 1.7439446816540727, 1.7070711754789256, 1.643670881637419, 1.5885203595113273, 1.559710534534069, 1.511515650484297, 1.5352943286751255, 1.435697119645398, 1.4562905135780875, 1.3372295586147693, 1.303089469972283, 1.2780385640534488, 1.241185446580251, 1.2086899599643668, 1.2099957734045357, 1.1771371807112838, 1.227202210161421, 1.1262538463178307, 1.1152888948869224, 1.0698234736919403, 1.0904819242882007, 1.0813430803592758, 1.0895791427053587, 1.0059657849446693, 1.020258108774821, 0.9720946448017852, 0.962690787784981, 0.956047649034346, 0.9686475329928927, 0.9216496854117422, 0.9022032763018752, 0.8628335537934544, 0.8772618153480568, 0.8222993371462581, 0.8400523587308749, 0.7867375263059982, 0.8192778879945929, 0.7896877500143918, 0.7564356215674468, 0.7949070540642498, 0.7240638349092368, 0.765931713310155], "val_accuracy": [0.05700712651014328, 0.059382423758506775, 0.17656373977661133, 0.27735549211502075, 0.292240709066391, 0.3477434813976288, 0.3726840913295746, 0.4217735528945923, 0.43127474188804626, 0.41987332701683044, 0.4533649981021881, 0.46896278858184814, 0.485273152589798, 0.48495644330978394, 0.47054630517959595, 0.5112430453300476, 0.5165479183197021, 0.5694378614425659, 0.5688044428825378, 0.5684085488319397, 0.5909738540649414, 0.5942201018333435, 0.6013460159301758, 0.6064133048057556, 0.5996041297912598, 0.6217735409736633, 0.6262866258621216, 0.6461599469184875, 0.6407759189605713, 0.6360253095626831, 0.6463183164596558, 0.6753761172294617, 0.6608076095581055, 0.6745051741600037, 0.6851939558982849, 0.690419614315033, 0.6808393001556396, 0.6929532885551453, 0.7129849791526794, 0.7250198125839233, 0.7094219923019409, 0.7346001863479614, 0.7258907556533813, 0.743230402469635, 0.7311164140701294, 0.7437054514884949, 0.7552652359008789, 0.7407759428024292, 0.7598574757575989, 0.7505146265029907]}