{"loss": [2.4987719062044844, 1.3705139821935162, 1.041267541431752, 0.8510940419427483, 0.7373751170660422, 0.6562571653284334, 0.5991855429981974, 0.5400941612767068, 0.5124984208466188, 0.47176363332123694, 0.44369017690646045, 0.42971439071789463, 0.40355417590214093, 0.3897382883092338, 0.37450267161187284, 0.3631213365890841, 0.34604899226518326, 0.3355777912168782, 0.32246681650140263, 0.3118625168575349], "accuracy": [0.2934770882129669, 0.5661631226539612, 0.6671559810638428, 0.7289687395095825, 0.762410581111908, 0.7887797355651855, 0.8074089884757996, 0.8269456624984741, 0.8348190188407898, 0.8498185276985168, 0.8585993647575378, 0.8601206541061401, 0.8720775246620178, 0.8750400543212891, 0.8789634108543396, 0.8837407827377319, 0.8888651728630066, 0.8925216197967529, 0.8955641984939575, 0.8986068367958069], "val_loss": [1.6682659194927023, 1.0885304582841469, 0.6656001389327676, 0.6033599457957528, 0.5076699490950565, 0.42635215916717895, 0.4551671717805092, 0.5663776328467359, 2.408843392675573, 0.35821673025687534, 0.38175440278619227, 0.31970288416351933, 0.4562808731288621, 0.8062844178592316, 0.2969130840566423, 0.32994085555952607, 0.945663434086424, 0.3355392045294396, 9.499219737871728, 5.863171340239169], "val_accuracy": [0.5508313775062561, 0.6585114598274231, 0.784481406211853, 0.7958036661148071, 0.8297703862190247, 0.8600950241088867, 0.8527315855026245, 0.8201108574867249, 0.41353920102119446, 0.8845605850219727, 0.8794932961463928, 0.8967537879943848, 0.8589865565299988, 0.7767220735549927, 0.9018210768699646, 0.8931908011436462, 0.7634204030036926, 0.8951702117919922, 0.22494061291217804, 0.34813934564590454]}