{"loss": [3.496620584249471, 3.4706856382049693, 3.2798332522286286, 2.880824155788151, 2.529750044959019, 2.2610135054504323, 2.0215663448703114, 1.8368839959114762, 1.7127626167744114, 1.628948436687478, 1.5578509120049289, 1.4989760951602855, 1.4436023551575006, 1.3987319867410106, 1.3516010750672525, 1.3230983112542292, 1.279210184399825, 1.2505435809084227, 1.2132073606079972, 1.184530503405977, 1.1533658572318422, 1.1249837515460295, 1.0887552720703462, 1.0683621448756309, 1.038881144599216, 1.0057984342172406, 0.9996497519525072, 0.9894457145104786, 0.9555978799522961, 0.9307666521633852, 0.9220005192814685, 0.9021328759004886, 0.8863050943188623, 0.8583016705289229, 0.853236117317626, 0.8335164788821292, 0.8206766023062662, 0.8057980270984907, 0.7997736590476457, 0.7857641984810121, 0.7744117978607512, 0.7572875059158759, 0.7614509916374265, 0.7506917407027276, 0.7308136241672972, 0.7320467616216954, 0.7096102214093726, 0.71078584883197, 0.7035873263511178, 0.6961395565392152, 0.6871198895736833, 0.685316780906, 0.6717400225997926, 0.670717883659832, 0.6623574782171257, 0.6619822693963029, 0.6535741617652361, 0.6462837542160936, 0.6341087885278132, 0.633610229291363, 0.6340582627038303, 0.6163785740776099, 0.6190602499659573, 0.6126308211639366, 0.607988959565493, 0.6122998817992292, 0.6049528930381619, 0.6017048781540614, 0.5988245621677086, 0.5893083763399997, 0.5978305740762166], "accuracy": [0.05506031960248947, 0.056127894669771194, 0.09533468633890152, 0.17500266432762146, 0.24434183537960052, 0.30508700013160706, 0.3559303879737854, 0.3991672992706299, 0.4319152235984802, 0.4524928033351898, 0.4736308455467224, 0.49524927139282227, 0.5105156302452087, 0.5268228650093079, 0.5427564978599548, 0.5512704253196716, 0.5649620890617371, 0.5754510760307312, 0.5923721790313721, 0.6016600728034973, 0.609480082988739, 0.6239190697669983, 0.6349151134490967, 0.6402263045310974, 0.6521565318107605, 0.6626454591751099, 0.6682502627372742, 0.6718800067901611, 0.6782854795455933, 0.6897397637367249, 0.6930981278419495, 0.6994015574455261, 0.705295205116272, 0.712777316570282, 0.7207202315330505, 0.7212287783622742, 0.7294491529464722, 0.7356410622596741, 0.73444002866745, 0.7402850389480591, 0.7440215945243835, 0.7486121654510498, 0.7475979328155518, 0.7506672143936157, 0.7564855217933655, 0.7579801678657532, 0.7647592425346375, 0.7651863098144531, 0.7653731107711792, 0.7690028548240662, 0.7734867334365845, 0.773326575756073, 0.7763158082962036, 0.7793316841125488, 0.779598593711853, 0.7800790071487427, 0.7841091156005859, 0.7850432395935059, 0.7881659269332886, 0.7888064384460449, 0.7884061336517334, 0.7946781516075134, 0.7951852083206177, 0.7980943918228149, 0.7979342341423035, 0.7973016500473022, 0.8012396097183228, 0.802901029586792, 0.8008121252059937, 0.8054606318473816, 0.8036991357803345], "val_loss": [3.4666193109570127, 3.4562911987304688, 3.157904124019122, 2.491153289573361, 2.1666757175416658, 1.9015697264912153, 1.6791970193988146, 1.5416106870680144, 1.4435737054757398, 1.3475755254427593, 1.3438559731449744, 1.234475246282539, 1.198778560667327, 1.1406690511438582, 1.0988619535258322, 1.0403500638826928, 1.0246584009040485, 1.008504703490421, 0.9477829216706632, 0.9025359021292793, 0.8592345482773251, 0.8287882669405504, 0.7860296632003303, 0.754628862395431, 0.7537504141077851, 0.7572931274019107, 0.6895057072844168, 0.7215945311266967, 0.6448225571651651, 0.6605292820569241, 0.6471300406588448, 0.6000650487463883, 0.6480109638939, 0.6198380730970942, 0.580749939487438, 0.5843186963989278, 0.61562889152103, 0.5443104016359406, 0.5926076116585972, 0.5500616423710428, 0.5376403583119614, 0.5391169253623846, 0.5263815490585385, 0.5117705424476151, 0.4969748059155965, 0.49383625794540753, 0.5150200680199296, 0.4815624985429976, 0.5495620889194084, 0.4558196489257042, 0.49119382870919776, 0.5246274308724836, 0.4551757247460009, 0.44239216749415256, 0.47700789442869146, 0.43512933061580467, 0.42881343009495976, 0.44421094467844624, 0.4592856910794672, 0.4497359937640152, 0.42294129006790393, 0.4033885357355831, 0.40340525047345593, 0.40911768203732946, 0.45147059406294965, 0.40231547527240985, 0.4417539334507904, 0.42058889251766785, 0.4235419369857721, 0.40498865625322467, 0.41111264528349195], "val_accuracy": [0.05225653201341629, 0.059382423758506775, 0.10641330480575562, 0.279572457075119, 0.3283452093601227, 0.39501187205314636, 0.4412509799003601, 0.47980996966362, 0.5064924955368042, 0.5336500406265259, 0.5488519668579102, 0.5893903374671936, 0.5996832847595215, 0.6230403780937195, 0.6260491013526917, 0.6528899669647217, 0.6466349959373474, 0.6558194756507874, 0.6798099875450134, 0.6962786912918091, 0.705700695514679, 0.7190815806388855, 0.7454473376274109, 0.7463182806968689, 0.7416468858718872, 0.7413301467895508, 0.7693586945533752, 0.7551068663597107, 0.7798099517822266, 0.775771975517273, 0.7847980856895447, 0.8022961020469666, 0.7841646671295166, 0.7975455522537231, 0.8086302280426025, 0.8039588332176208, 0.8020585775375366, 0.8214568495750427, 0.8044338822364807, 0.8212193250656128, 0.8258907198905945, 0.8238321542739868, 0.8258907198905945, 0.8296120166778564, 0.8390340209007263, 0.8355502486228943, 0.8309580087661743, 0.8390340209007263, 0.8209818005561829, 0.8504354953765869, 0.8381630778312683, 0.8244655728340149, 0.8466349840164185, 0.8551068902015686, 0.8402217030525208, 0.8606492280960083, 0.8572446703910828, 0.8558194637298584, 0.8479809761047363, 0.8522565364837646, 0.8634204268455505, 0.8688044548034668, 0.8699920773506165, 0.8677751421928406, 0.855661153793335, 0.8727632761001587, 0.8603325486183167, 0.8615993857383728, 0.8646872639656067, 0.8677751421928406, 0.8644497394561768]}