{"loss": [2.368834532782224, 1.3279510251330606, 1.0189236288609265, 0.8668866509292682, 0.75617643715771, 0.67168799857517, 0.615730669368124, 0.5808016314372393, 0.5366504037025148, 0.5073308815687078, 0.4728653000559715, 0.45373806425629676, 0.4358674090470063, 0.4136721210318973, 0.4005047031215432, 0.3793053985138363, 0.370953469113147, 0.36849174112498323, 0.3501331665125323, 0.3385093546835096, 0.33136586428286746, 0.321817026908769, 0.3109070433869845, 0.3088640442548165, 0.29363834257885374], "accuracy": [0.3165367841720581, 0.5737162232398987, 0.6687306761741638, 0.7192270755767822, 0.7542169094085693, 0.780479371547699, 0.7994288206100464, 0.8095174431800842, 0.8263852000236511, 0.836713969707489, 0.849951982498169, 0.8527543544769287, 0.8584951162338257, 0.8661038875579834, 0.8705828785896301, 0.8772018551826477, 0.8812853693962097, 0.8820326924324036, 0.8875573873519897, 0.8924415707588196, 0.8955108523368835, 0.896284818649292, 0.9011155962944031, 0.8998879194259644, 0.9064268469810486], "val_loss": [1.5918624443237228, 0.7653827078715719, 0.974271808609818, 0.37918548015030945, 2.1482722024724943, 0.3282539137460367, 0.27171307301732023, 0.25454679481459386, 0.23327708142724904, 0.22857179007295406, 0.2139849408031112, 0.21368818765863626, 0.21901221641085364, 0.23988513889336827, 0.20822370076796623, 0.22235090027779641, 0.21367311744828416, 0.21503952713777322, 0.21306784160322312, 0.17131544258257356, 0.18212971044233953, 0.17802811674585547, 0.18574564952892486, 0.18108128750640334, 0.19973175502335183], "val_accuracy": [0.5273159146308899, 0.7527315616607666, 0.708946943283081, 0.8633412718772888, 0.5296120643615723, 0.8910530209541321, 0.9096595644950867, 0.9150435328483582, 0.9228028655052185, 0.9278701543807983, 0.9319873452186584, 0.931037187576294, 0.9261282682418823, 0.9215360283851624, 0.9348376989364624, 0.9289786219596863, 0.930799663066864, 0.9318289756774902, 0.9320665001869202, 0.9454473257064819, 0.9484560489654541, 0.9440221786499023, 0.9445763826370239, 0.9399049878120422, 0.9404592514038086]}