{
  "loss": [
    3.47656182137118,
    3.355146126901377,
    2.4640515851938853,
    1.663856183132291,
    1.383351981175344,
    1.2106270105667987,
    1.0799723334814881,
    0.9717955160538059,
    0.8898615570667524,
    0.8201598775759698,
    0.7502635801196086,
    0.7047087664511029,
    0.6532297149098542,
    0.616508158915094,
    0.5799661986700839,
    0.5390135847995309,
    0.5087148496759629,
    0.47784074363681006,
    0.45430474284747197,
    0.4398096442601209,
    0.41261902408085954,
    0.39302529511233336,
    0.379867465722977,
    0.3620305372185522,
    0.3478628344172867,
    0.3314915552394894,
    0.3162813860928222,
    0.31018504691286863,
    0.2988434990467684,
    0.2864199324645316,
    0.280034738214553
  ],
  "accuracy": [
    0.05796946585178375,
    0.08404505252838135,
    0.2834418714046478,
    0.46839970350265503,
    0.5494822263717651,
    0.6068912148475647,
    0.6502882242202759,
    0.6871997714042664,
    0.7098590731620789,
    0.7387370467185974,
    0.757339596748352,
    0.7721789479255676,
    0.7911284565925598,
    0.8024981021881104,
    0.8112255930900574,
    0.8272659182548523,
    0.8348991274833679,
    0.8454681038856506,
    0.855850338935852,
    0.8588395714759827,
    0.8685011267662048,
    0.8728247880935669,
    0.8774420619010925,
    0.8810451626777649,
    0.8886249661445618,
    0.8929219841957092,
    0.8983399271965027,
    0.9009554982185364,
    0.9046386480331421,
    0.9084551930427551,
    0.9117427468299866
  ],
  "val_loss": [
    3.4653878802000873,
    3.0445416154283467,
    1.6983506673514241,
    1.271113326754233,
    1.0604631121110435,
    0.9017623446204446,
    0.8849240580592492,
    0.7330728520949682,
    0.6497996723411059,
    0.5877774970399009,
    0.5554896746620988,
    0.5765996692758618,
    0.5834684513434015,
    0.46540312378695514,
    0.42910205256758316,
    0.47781989271893643,
    0.3832074838756311,
    0.39482757501830956,
    0.3896345909346234,
    0.3725750447072164,
    0.3683026671560124,
    0.3505577039011199,
    0.3208821906585886,
    0.32311031583583716,
    0.3331845146462773,
    0.29436856064230504,
    0.3003047208367574,
    0.358789467412715,
    0.30814016779715364,
    0.2951643301381005,
    0.30899883723921245
  ],
  "val_accuracy": [
    0.059382423758506775,
    0.15930324792861938,
    0.455581933259964,
    0.5814726948738098,
    0.6448139548301697,
    0.7030087113380432,
    0.7118765115737915,
    0.7417260408401489,
    0.786460816860199,
    0.8021377921104431,
    0.8129057884216309,
    0.8054631948471069,
    0.8037213087081909,
    0.8500396013259888,
    0.855661153793335,
    0.8473475575447083,
    0.8782264590263367,
    0.8629453778266907,
    0.8752968907356262,
    0.8830562233924866,
    0.8810768127441406,
    0.8871734142303467,
    0.8942201137542725,
    0.8996041417121887,
    0.8962786793708801,
    0.9066508412361145,
    0.9059382677078247,
    0.8878859877586365,
    0.9080759882926941,
    0.9055423736572266,
    0.9051464796066284
  ]
}