{
  "loss": [
    2.6590589765831947,
    1.3685496857164507,
    0.9108839117120218,
    0.6929792921456835,
    0.5463229787442605,
    0.4540900653895312,
    0.3870138921948422,
    0.3326636511004059,
    0.29463663435076476,
    0.27655312629879714,
    0.2401764816168572,
    0.22661867001700123,
    0.20962938690524072,
    0.19990406500131253
  ],
  "accuracy": [
    0.2907280921936035,
    0.5640813708305359,
    0.7077773213386536,
    0.7765026092529297,
    0.8233425617218018,
    0.8548628091812134,
    0.8778958320617676,
    0.8957510590553284,
    0.9074143171310425,
    0.9117380380630493,
    0.9236682057380676,
    0.9294064044952393,
    0.9337034225463867,
    0.9373331665992737
  ],
  "val_loss": [
    3.1540438141485656,
    0.7880743921104104,
    0.52808686797366,
    0.4378115540050497,
    0.3987735944113346,
    0.3471758867604564,
    0.4907939551454602,
    0.2812017501905711,
    0.22551968345663162,
    0.22770562087834784,
    0.258247945335402,
    0.24442740087632578,
    0.2627935305218955,
    0.37996150594618583
  ],
  "val_accuracy": [
    0.1851148009300232,
    0.741488516330719,
    0.832304060459137,
    0.853919267654419,
    0.8755344152450562,
    0.8912906050682068,
    0.8420427441596985,
    0.9097387194633484,
    0.9306413531303406,
    0.93277907371521,
    0.92359459400177,
    0.9252573251724243,
    0.91900235414505,
    0.8855898380279541
  ]
}