{
  "loss": [
    0.12182384185326753,
    0.06503456321679071,
    0.044362184455278425,
    0.03469765241550855,
    0.028847900224133517,
    0.024751196957721367,
    0.021797126212364213,
    0.019641264357978028,
    0.018068693203705823,
    0.01640210075822319,
    0.015381059429939474,
    0.014772642302128304,
    0.013775200658107282,
    0.013112494388534176,
    0.012582197484017545,
    0.011913341975345248,
    0.01131080564092978,
    0.011225067360939709,
    0.010821644292787008,
    0.010390572047159926,
    0.010132459371314018,
    0.00968423188432655,
    0.00941387282976161,
    0.009302003081967302,
    0.008816414177230834,
    0.008635815721620846,
    0.008623061019394739,
    0.008443225666107472,
    0.00843946022742444,
    0.008034814823491387,
    0.007874703696935182,
    0.007733555202320373,
    0.007720966379959472
  ],
  "accuracy": [
    0.9693606495857239,
    0.9802339673042297,
    0.9843520522117615,
    0.9873116612434387,
    0.9894043207168579,
    0.9909295439720154,
    0.9921823143959045,
    0.9929381608963013,
    0.9935175776481628,
    0.994200587272644,
    0.9945205450057983,
    0.9947318434715271,
    0.9951757788658142,
    0.9953826069831848,
    0.9956057071685791,
    0.9958051443099976,
    0.9960716366767883,
    0.9960960149765015,
    0.9962689876556396,
    0.9964038133621216,
    0.9964573979377747,
    0.9966376423835754,
    0.9967201352119446,
    0.9968447089195251,
    0.9969442486763,
    0.9970441460609436,
    0.9970061182975769,
    0.9970857501029968,
    0.9971296191215515,
    0.9972047805786133,
    0.9972912073135376,
    0.9973711967468262,
    0.9973223209381104
  ],
  "val_loss": [
    0.10768369318108366,
    0.039797993263963494,
    0.07542015122945862,
    0.017490881198847837,
    0.012800966977433425,
    0.010486791658243446,
    0.009265328769224009,
    0.014338230895292427,
    0.007817184306784637,
    0.014331292473908627,
    0.0066183446515516164,
    0.006470145901072432,
    0.006747399988899365,
    0.006113933073738919,
    0.006987262528384989,
    0.006198447048334837,
    0.0056848505773814395,
    0.006519563073372337,
    0.005052820637097789,
    0.005269055775098615,
    0.005652581096533921,
    0.01465146233459389,
    0.004956319476986384,
    0.00544141988226476,
    0.005262396037590342,
    0.005003663246249992,
    0.009672696722172802,
    0.004964956493238034,
    0.00790209800852792,
    0.006262900357677324,
    0.02010359004318639,
    0.009637690923879902,
    0.0053268455981610304
  ],
  "val_accuracy": [
    0.9770177006721497,
    0.9856027960777283,
    0.9832587242126465,
    0.9937252402305603,
    0.9953393340110779,
    0.9963136315345764,
    0.9968454837799072,
    0.9957812428474426,
    0.997336745262146,
    0.9956931471824646,
    0.9978341460227966,
    0.9978692531585693,
    0.9977123737335205,
    0.9979576468467712,
    0.9977918863296509,
    0.9978914856910706,
    0.9981051683425903,
    0.9979268908500671,
    0.9984089732170105,
    0.9984017014503479,
    0.9981478452682495,
    0.9955201745033264,
    0.9984290599822998,
    0.99821937084198,
    0.9983223676681519,
    0.9983978867530823,
    0.9970055818557739,
    0.9985321164131165,
    0.9975781440734863,
    0.9980757236480713,
    0.9940670728683472,
    0.997033417224884,
    0.9983203411102295
  ]
}