{"loss": [2.284637387081133, 1.2454622974642138, 0.9436283965776121, 0.792177514948712, 0.6932321544313069, 0.6151567677417127, 0.5600683134495799, 0.5227425649413765, 0.4829908674996054, 0.45182625126618303, 0.43333388359592223, 0.4068590441673558, 0.3875688140518073, 0.3765185369051189, 0.3646347076830238, 0.34326949284980784, 0.33061860975351737, 0.3294742985202903, 0.3135253086183437, 0.3089624218101039, 0.29818776535595876, 0.2885276278729651], "accuracy": [0.34023699164390564, 0.5949877500534058, 0.6921906471252441, 0.7387904524803162, 0.7750613689422607, 0.7988683581352234, 0.8173374533653259, 0.8327639698982239, 0.8444699048995972, 0.8547499179840088, 0.8602541089057922, 0.8703160285949707, 0.8732518553733826, 0.8794171214103699, 0.8819525837898254, 0.8895056843757629, 0.894656777381897, 0.8958044052124023, 0.8980196714401245, 0.902556836605072, 0.907014012336731, 0.9085353016853333], "val_loss": [2.323306259482798, 0.5510493146650719, 0.5167366478479269, 0.3259565846787559, 0.29151749656055914, 0.24971662194590377, 0.2590926672623615, 0.22067496568115072, 0.22464780332614678, 0.2084153795596024, 0.19104976848595673, 0.20491540617300102, 0.22675630036327574, 0.1795564234595407, 0.20036433854450783, 0.24535717866900894, 0.15477583848993587, 0.18976862284571233, 0.17311908654172461, 0.16020168773735863, 0.18469060005413163, 0.16563957653977354], "val_accuracy": [0.3859065771102905, 0.8182897567749023, 0.8234362602233887, 0.8910530209541321, 0.9034045934677124, 0.9176563620567322, 0.9149643778800964, 0.9261282682418823, 0.9280285239219666, 0.935391902923584, 0.9346793293952942, 0.9355502724647522, 0.933412492275238, 0.9398258328437805, 0.9358670115470886, 0.9207442402839661, 0.9490103125572205, 0.9392715692520142, 0.9459224343299866, 0.9492478370666504, 0.9415677189826965, 0.9486144185066223]}