{"loss": [2.3654882786201923, 1.2847960809766896, 0.975299500166778, 0.8080290135469841, 0.7029799235672685, 0.625653851776122, 0.572248950360411, 0.5307167996092159, 0.4807287048215582, 0.4538019661512932, 0.43004522354024777, 0.40649118834655695, 0.3813305941579486, 0.3647310481301059, 0.35017688191724816, 0.3346163747378598, 0.3218286420258715, 0.32165990984941273, 0.30572458413490505, 0.29520783537834344, 0.28265638974467094, 0.27700142518323806, 0.27678860573640335, 0.2660501480127992, 0.25174397282804284, 0.2558573469339853, 0.2505585988592768], "accuracy": [0.32280880212783813, 0.5807355642318726, 0.6809277534484863, 0.731824517250061, 0.7692697644233704, 0.7941176295280457, 0.8149087429046631, 0.8289473652839661, 0.8434931039810181, 0.853154718875885, 0.862175703048706, 0.8687946796417236, 0.8782961368560791, 0.8826999068260193, 0.8882513046264648, 0.893162190914154, 0.8969520926475525, 0.8982865214347839, 0.9043183326721191, 0.9059997797012329, 0.9100031852722168, 0.9116846323013306, 0.9123518466949463, 0.914406955242157, 0.9204921722412109, 0.9210793375968933, 0.9205989241600037], "val_loss": [1.5315087865097354, 0.5966209716568089, 0.426424311643297, 0.4958281023333771, 0.3171715322468016, 0.28538326576653156, 0.30638336973509406, 0.2262557546297709, 0.247917252169414, 0.21711316230622205, 0.2023641863141698, 0.18089159591255163, 0.16081315954451006, 0.25259210274677085, 0.16007160814008628, 0.16444972453808243, 0.29648096076767855, 4.316031905135723, 0.14720399273239604, 0.16825289890696907, 0.1432814188936556, 0.1384425017785168, 0.1594486805619766, 0.23540820960294118, 0.1457669921501568, 0.3383456060305388, 0.6269540851465379], "val_accuracy": [0.6237529516220093, 0.8036420941352844, 0.8618369102478027, 0.8228820562362671, 0.8924782276153564, 0.9034045934677124, 0.8988123536109924, 0.9254156947135925, 0.9171813130378723, 0.9277909994125366, 0.9359461665153503, 0.9449722766876221, 0.9491686224937439, 0.9222486019134521, 0.9494853615760803, 0.9477434754371643, 0.9082343578338623, 0.3854314982891083, 0.9545526504516602, 0.9484560489654541, 0.95526522397995, 0.9558194875717163, 0.9523357152938843, 0.9296911954879761, 0.9524940848350525, 0.9105305075645447, 0.8300870656967163]}