{
  "loss": [
    2.1783048722456617,
    1.1821688380514326,
    0.8510602943845843,
    0.6779351115284503,
    0.5745859349930685,
    0.506125073070939,
    0.45317842950210685,
    0.4151982045315151
  ],
  "accuracy": [
    0.38313475251197815,
    0.6167991757392883,
    0.7270464897155762,
    0.7814213633537292,
    0.8156231641769409,
    0.8371837139129639,
    0.8555729389190674,
    0.8668046593666077
  ],
  "val_loss": [
    4.459422923560835,
    11.780082229875092,
    0.44188756447954053,
    2.5570810544185147,
    13.24024052497668,
    2.7852622056618714,
    12.610949194329416,
    13.411535470913618
  ],
  "val_accuracy": [
    0.23897305130958557,
    0.17629708349704742,
    0.8570854067802429,
    0.5458506345748901,
    0.17033115029335022,
    0.6002815365791321,
    0.187357559800148,
    0.16067837178707123
  ]
}