{
  "loss": [
    3.368437484688116,
    3.3331788696525386,
    3.3290475752756556,
    3.326599083094427,
    3.3239386027665843,
    3.3227969316646826
  ],
  "accuracy": [
    0.17382782697677612,
    0.17462065815925598,
    0.17448851466178894,
    0.17444446682929993,
    0.17486290633678436,
    0.17490695416927338
  ],
  "val_loss": [
    3.619750603437424,
    3.621801153421402,
    3.6311385238170626,
    3.635285795927048,
    3.634292092323303,
    3.6241676473617552
  ],
  "val_accuracy": [
    0.010420747101306915,
    0.010420747101306915,
    0.010420747101306915,
    0.010420747101306915,
    0.010420747101306915,
    0.010420747101306915
  ]
}