{"loss": [3.3623634962149795, 2.9304758417844656, 2.651213317194083, 2.404575831247271, 2.1604629911369724, 1.961832202160899, 1.7841930398122674, 1.603050721848319, 1.5331742024200827, 1.4764823223078676, 1.3670299387977858, 1.304548665350789, 1.243009297848329, 1.2206693135775053], "accuracy": [0.18820087611675262, 0.2333008348941803, 0.2810823917388916, 0.33934664726257324, 0.38834714889526367, 0.4261336028575897, 0.4702584147453308, 0.5070697069168091, 0.5236470103263855, 0.537298858165741, 0.5589956045150757, 0.5767918229103088, 0.5948317646980286, 0.6012019515037537], "val_loss": [3.5749386986599694, 3.50260624402686, 3.4954938526395, 3.4015190631528442, 3.1408730700046203, 2.8702604831019536, 2.5253068887734713, 2.169230900233305, 1.9342102476313143, 1.9741016928153703, 3.7740692971627925, 5.8919932329202, 15.88218962995312, 14.701061429856699], "val_accuracy": [0.01479704026132822, 0.01919616013765335, 0.04219156131148338, 0.06238752231001854, 0.150569885969162, 0.2911417782306671, 0.39872026443481445, 0.4821035861968994, 0.45410919189453125, 0.3757248520851135, 0.16316737234592438, 0.10977804660797119, 0.01479704026132822, 0.02059588022530079]}