{
  "loss": [
    2.556238285280774,
    1.5953482846891143,
    1.287509618405741,
    1.0987821385055354,
    0.9679188096331897,
    0.8617125758304176
  ],
  "accuracy": [
    0.3059220016002655,
    0.5024775862693787,
    0.5863413214683533,
    0.6454731822013855,
    0.6852027177810669,
    0.7172462344169617
  ],
  "val_loss": [
    12.49760096297305,
    13.645204813052446,
    13.645204813052446,
    13.362567893460266,
    13.645204813052446,
    13.594296426854582
  ],
  "val_accuracy": [
    0.1537739634513855,
    0.15337176620960236,
    0.15337176620960236,
    0.15511462092399597,
    0.15337176620960236,
    0.15363989770412445
  ]
}