{"loss": [2.325739446337429, 1.2867434584395767, 0.9739813020545721, 0.8075964302126825, 0.7126757195783142, 0.6457133178613198, 0.5913141971211227, 0.5494458090219246, 0.5174804305460673, 0.4946481963397856, 0.4646352994361809], "accuracy": [0.3263051211833954, 0.5821501016616821, 0.6797000169754028, 0.732945442199707, 0.7657734751701355, 0.7871783971786499, 0.8046599626541138, 0.8211273550987244, 0.8289248943328857, 0.8402703404426575, 0.8489911556243896], "val_loss": [1.4972341096762456, 0.602730133768284, 0.59978122301776, 0.3463873629166622, 0.3362190981555467, 0.28356526536170884, 0.274967400601717, 0.2597180023939923, 0.21592112702101168, 0.2474718309863649, 0.23455752150127382], "val_accuracy": [0.5428345203399658, 0.811559796333313, 0.7984164953231812, 0.8861441016197205, 0.8932700157165527, 0.9102137684822083, 0.9067299962043762, 0.9132224917411804, 0.9324623942375183, 0.9207442402839661, 0.9232779145240784]}