{"val_loss": [4.059189553083358, 0.9918421269595764, 0.38856400333976143, 0.25221847874700126, 0.181278563440082, 0.2376323754694947, 0.22351041091333188, 0.3349641620947648, 0.13970914947271632, 0.23385125502460266, 0.21265668271792285, 0.3585771546369494, 0.1769345165738395, 0.560300112542234], "val_accuracy": [0.14560569822788239, 0.7222486138343811, 0.8912906050682068, 0.9303246140480042, 0.9472684264183044, 0.9420427680015564, 0.9422802925109863, 0.9254156947135925, 0.9632620811462402, 0.94172602891922, 0.9481393694877625, 0.931037187576294, 0.9534441828727722, 0.8827394843101501], "loss": [2.1468995911239928, 0.8492011813556447, 0.4978439251265786, 0.3648499775762133, 0.29391700065961907, 0.2447804293622199, 0.2078782075482549, 0.18898876675218582, 0.17718149890726068, 0.15313033764207326, 0.1381349682297271, 0.13560531042425555, 0.13191809708530344, 0.11639299455823722], "accuracy": [0.3780292570590973, 0.7257660031318665, 0.8465890884399414, 0.891587495803833, 0.9159549474716187, 0.9295932650566101, 0.9406693577766418, 0.9479822516441345, 0.9508113861083984, 0.9575904607772827, 0.9605262875556946, 0.961620569229126, 0.9649033546447754, 0.967892587184906]}