{"loss": [2.4141713838528447, 1.2754440497934219, 0.9197613960194642, 0.7565847771951963, 0.6492487998760611, 0.5882741183032981, 0.5301706487523895, 0.48681694419353205, 0.4452734042972794, 0.4265249953162292, 0.39606081727692116, 0.37095309505534424, 0.35083842052585656, 0.34595791537847975, 0.3305946316646005, 0.31719250960972106, 0.3045456121007826, 0.30635152834322327, 0.28613819101901117], "accuracy": [0.3023410737514496, 0.5815612077713013, 0.698142409324646, 0.7489858269691467, 0.7871249914169312, 0.8084231615066528, 0.8279331922531128, 0.842799186706543, 0.8566777110099792, 0.86198890209198, 0.8733586072921753, 0.8821394443511963, 0.8891587257385254, 0.8884915113449097, 0.8947368264198303, 0.899300754070282, 0.9036511182785034, 0.9030372500419617, 0.909389317035675], "val_loss": [1.5414211117860042, 3.0760543972554832, 0.41384089008124186, 6.167367349971425, 0.28185893309236776, 0.24790231781927022, 0.2223818985312575, 0.22959161075678738, 0.20370408179558286, 0.19413648838309025, 0.17491103370081296, 0.2191698481187676, 0.17956064380893502, 0.15420734918572837, 0.1887023166348838, 0.17769269471179056, 0.1692492723596668, 0.2829529300256811, 0.17240456353421463], "val_accuracy": [0.6237529516220093, 0.42066508531570435, 0.8542359471321106, 0.25486937165260315, 0.9013460278511047, 0.9180522561073303, 0.9269992113113403, 0.9225653409957886, 0.9321456551551819, 0.9365795850753784, 0.9433096051216125, 0.9320665001869202, 0.942596971988678, 0.9481393694877625, 0.9422802925109863, 0.9424386620521545, 0.9454473257064819, 0.9163103699684143, 0.9452890157699585]}