{"val_loss": [3.095740790982522, 0.472043652300408, 0.5816312698268362, 0.17458181853862575, 0.20597176064316092, 0.19078534127980684, 0.21797587872495372, 0.16043449291990375, 0.19178516725321565, 0.11913170328722147, 0.23599706197766585, 0.24928807094929148, 0.15820409709533126, 0.15067913748916778, 0.22987932779734788], "val_accuracy": [0.16334125399589539, 0.8479018211364746, 0.8591448664665222, 0.947822630405426, 0.94172602891922, 0.9470309019088745, 0.9403800368309021, 0.9634996056556702, 0.9534441828727722, 0.9670625329017639, 0.944338858127594, 0.9453681707382202, 0.971179723739624, 0.9647664427757263, 0.957878053188324], "loss": [2.130621219910717, 0.8222726568686258, 0.45684045597432044, 0.33335003002585606, 0.26847528633566614, 0.22811628553530755, 0.2107201965253916, 0.1977966406410559, 0.17506176309889354, 0.16670627881199826, 0.1503915008389353, 0.15387401685537855, 0.13472474977428112, 0.12679861446885943, 0.11353874643380682], "accuracy": [0.37509340047836304, 0.7350271940231323, 0.8595334887504578, 0.9015960097312927, 0.9214796423912048, 0.9351179599761963, 0.9407761096954346, 0.9447795748710632, 0.9524127244949341, 0.9545478820800781, 0.9600192308425903, 0.9594854116439819, 0.9641104936599731, 0.9670068621635437, 0.9696274399757385]}