{"loss": [0.28355550398990265, 0.09070266688424902, 0.07094100384463034, 0.05886073652553472, 0.04783089579327315, 0.03826408390263184, 0.030882436387599615, 0.025429491650460687, 0.021813664927575954, 0.01894563560750806, 0.016903490452703358, 0.015140341998086778, 0.013879574670253421, 0.01253732664374792, 0.01158105878775248, 0.011143931872684167, 0.010054070054904125, 0.009977196914246169, 0.009249111797847112], "accuracy": [0.8840798139572144, 0.9768340587615967, 0.9794408082962036, 0.9812477231025696, 0.9836305379867554, 0.9866593480110168, 0.9891900420188904, 0.9911346435546875, 0.9923701286315918, 0.9934539198875427, 0.9941296577453613, 0.9947448968887329, 0.9951849579811096, 0.9956256151199341, 0.9960220456123352, 0.9961745738983154, 0.9965437054634094, 0.9965670704841614, 0.9968571066856384], "val_loss": [0.11505214636675035, 0.06620968257387479, 0.05296123018394215, 0.04234196106442297, 0.031570987973475094, 0.022384206689141616, 0.0185991539713936, 0.016297049754572034, 0.016030640656486003, 0.018711944766850633, 0.011075442913223547, 0.00972736032557382, 0.012666848184766643, 0.009230351189593549, 0.009752666955164663, 0.012767356919181166, 0.010914110510393676, 0.018285114630925085, 0.023621792909736285], "val_accuracy": [0.9767415523529053, 0.980190634727478, 0.982105553150177, 0.9841240644454956, 0.9887020587921143, 0.9917508959770203, 0.9933251738548279, 0.9943139553070068, 0.9945867657661438, 0.9934025406837463, 0.9960923790931702, 0.9967222213745117, 0.9956822395324707, 0.9967591166496277, 0.9967813491821289, 0.9955877661705017, 0.9963648319244385, 0.9944443702697754, 0.9924999475479126]}