{"loss": [0.28678309713268885, 0.09444314259942294, 0.07223284782789503, 0.06076593760783204, 0.050401865726103584, 0.04110335753726529, 0.033818263047495786, 0.028999216295997488, 0.02488939702495721, 0.022145139449775645, 0.019600528597694917, 0.017985006576789548, 0.01661857023510656, 0.015373952393679046, 0.0142494722265399, 0.013571842169814472, 0.01284701062689103, 0.012059441302220239, 0.011579433516315378], "accuracy": [0.887707531452179, 0.9767435789108276, 0.9794424772262573, 0.9811334013938904, 0.9831281304359436, 0.9856752753257751, 0.9881157875061035, 0.9897642731666565, 0.9912002086639404, 0.9922512173652649, 0.9931539297103882, 0.9937238097190857, 0.9942044019699097, 0.9946286678314209, 0.995106041431427, 0.9952677488327026, 0.9955764412879944, 0.9958605170249939, 0.9960141181945801], "val_loss": [0.1027356203683097, 0.07193278047171506, 0.0557359466046998, 0.04488059618707859, 0.03498618831538191, 0.029700396874110507, 0.023765807373994828, 0.01922703151958007, 0.0195326404834185, 0.013443735390525274, 0.01296687668020075, 0.01334284606032224, 0.010211718575605615, 0.00895192775042784, 0.01070061674332152, 0.0158597811176959, 0.0100394841589297, 0.01136295653108244, 0.016056019789304096], "val_accuracy": [0.9767453074455261, 0.9798703789710999, 0.9818572998046875, 0.9841073155403137, 0.9872843623161316, 0.9891989231109619, 0.9913362860679626, 0.9931042194366455, 0.9928942322731018, 0.9950447082519531, 0.995288074016571, 0.9953799843788147, 0.9964938759803772, 0.9967792630195618, 0.9962820410728455, 0.9945294857025146, 0.9966150522232056, 0.9961933493614197, 0.9948718547821045]}