{
  "loss": [
    0.28250280630948693,
    0.09343902339173112,
    0.07069402106016401,
    0.05773486259752421,
    0.04694066893735296,
    0.03827445785418269,
    0.031668297546760905,
    0.02680270762894761,
    0.022651994814061237,
    0.020385002553720694,
    0.018017046596984974,
    0.016018881190584516,
    0.014542636613876465,
    0.013426676033329395,
    0.012917816597625054,
    0.011746118538793026,
    0.011115891713574664,
    0.010516024317896227,
    0.010093435042781243,
    0.01021012011507799,
    0.009506471836693873,
    0.00897865509271329,
    0.008503984219080538,
    0.008755375932911244,
    0.008320331820485164,
    0.00771560083970935,
    0.007726593030865404
  ],
  "accuracy": [
    0.8870399594306946,
    0.9765565395355225,
    0.9794774651527405,
    0.9817059636116028,
    0.9838794469833374,
    0.9862610697746277,
    0.9885806441307068,
    0.9903912544250488,
    0.9919279217720032,
    0.9927641153335571,
    0.9936855435371399,
    0.9944188594818115,
    0.994897723197937,
    0.9953152537345886,
    0.995530903339386,
    0.9959115386009216,
    0.9961987137794495,
    0.9963698387145996,
    0.9965489506721497,
    0.9964813590049744,
    0.9967799782752991,
    0.9969518780708313,
    0.9971562027931213,
    0.9970564246177673,
    0.9971738457679749,
    0.9973794221878052,
    0.9974075555801392
  ],
  "val_loss": [
    0.10314799916714129,
    0.06865761487396678,
    0.05235270444642414,
    0.04429216237004959,
    0.0388947758409712,
    0.023786974793318847,
    0.019899789328602226,
    0.019627638024776572,
    0.0243695377174652,
    0.013612715410999954,
    0.012836552725991967,
    0.009776612175769653,
    0.009036550077261648,
    0.01544306592103282,
    0.008717803452681337,
    0.010013820412698098,
    0.09635335666061652,
    0.01022114733944299,
    0.15939718093534913,
    0.006828312271138221,
    0.00753886518103889,
    0.006750333156716549,
    0.019744312498869016,
    0.01075309549806395,
    0.01622002793363098,
    0.012829670053436373,
    0.09452512886638594
  ],
  "val_accuracy": [
    0.9767453074455261,
    0.979482114315033,
    0.9829789996147156,
    0.9840726852416992,
    0.9862034320831299,
    0.9910491704940796,
    0.9925757050514221,
    0.9927987456321716,
    0.9913585186004639,
    0.9949637651443481,
    0.9956009984016418,
    0.9966059327125549,
    0.9969114661216736,
    0.9946340918540955,
    0.9971420168876648,
    0.9966117739677429,
    0.9776279926300049,
    0.9965731501579285,
    0.9766759276390076,
    0.9977937936782837,
    0.9975506067276001,
    0.9977088570594788,
    0.9938777089118958,
    0.9964935779571533,
    0.9949455261230469,
    0.996136486530304,
    0.9795886874198914
  ]
}