{
  "loss": [
    0.26695341948166634,
    0.11504881110006165
  ],
  "crossentropy": [
    0.26695334911346436,
    0.11504880338907242
  ],
  "val_loss": [
    0.10488782238356675,
    0.10879701800361465
  ],
  "val_crossentropy": [
    0.10496439784765244,
    0.1088690459728241
  ]
}