{"loss": [0.12098837882643056, 0.06622382400320169, 0.0447619538294877, 0.03466164015549293], "accuracy": [0.9702237844467163, 0.9797558784484863, 0.9841912984848022, 0.9873979687690735], "val_loss": [0.10480513912860794, 0.03796216712869478, 0.024941521597969713, 0.01703847385472571], "val_accuracy": [0.9767453074455261, 0.9866079688072205, 0.9904861450195312, 0.9934245347976685]}