{"loss": [3.553999478608659, 3.379396233191857, 3.343613452537387, 3.2574839633645363, 3.0158755992222757, 2.6193150904572127, 2.267427058821743, 2.0825629100058842, 2.0056073628939117, 1.8909995995678948, 1.801824492332982, 1.7698720307026095, 1.7231788857469281, 1.6718498593395197, 1.6528429531356663, 1.5957125370319074, 1.5278899003477657, 1.5370712518692016, 1.4612897222481884, 1.4683221171883976, 1.408209463462089, 1.3897914556356576, 1.3815420574354893, 1.3320814865476944, 1.289789757361779, 1.287739911733889, 1.2555726123087614, 1.233504175222837, 1.217616314981498, 1.1963124755516792, 1.1818667779848413, 1.1363474625807541, 1.138931913399002, 1.1116982347824995, 1.1035011564643638, 1.0973498702049256, 1.0817239033365713, 1.090093297750047, 1.0512870774685759, 1.0433890182995103, 1.0397538479636697, 1.017570576300988, 0.9958184138816946, 0.9906595936188332, 1.0024419300764509, 0.9665229650104747, 0.9660755621576772, 0.9241642823586097, 0.92187498402827, 0.9611657948169894, 0.9142631686201282, 0.9326413567249592, 0.9297307543384219, 0.9312972716256684, 0.9200353704966031, 0.8905153466205971, 0.8836092747174776, 0.8504549943127678, 0.8694325410046624, 0.8934070502670066, 0.8555298591123044, 0.8775671144133632, 0.8368603420489042, 0.8608904039975509, 0.8116475245327626, 0.8282045615529551, 0.8352692956484637, 0.8410491157503961, 0.8173206386635604, 0.8139046185224958, 0.796147740813135, 0.811049288684882, 0.828888258482646, 0.797476142186385, 0.7961347112468645, 0.7767644871785803, 0.7773091213217059, 0.8021017841922427, 0.7728184124798451, 0.7907218752555477, 0.7919431149959564], "accuracy": [0.05169902741909027, 0.05528846010565758, 0.0676470622420311, 0.0682038813829422, 0.09417475759983063, 0.22961165010929108, 0.2951456308364868, 0.34368932247161865, 0.3608173131942749, 0.38956311345100403, 0.4049019515514374, 0.4293689429759979, 0.4451456367969513, 0.4580097198486328, 0.4754854440689087, 0.4795673191547394, 0.5051470398902893, 0.5024038553237915, 0.5206310749053955, 0.5247548818588257, 0.5298543572425842, 0.5512019395828247, 0.550000011920929, 0.5745097994804382, 0.5824519395828247, 0.579901933670044, 0.5936893224716187, 0.5971153974533081, 0.6105391979217529, 0.6191747784614563, 0.6208738088607788, 0.6223557591438293, 0.6220873594284058, 0.642401933670044, 0.6446601748466492, 0.6415865421295166, 0.6492718458175659, 0.6514562964439392, 0.6563106775283813, 0.6592233180999756, 0.6627451181411743, 0.6733173131942749, 0.6830882430076599, 0.6829326748847961, 0.6737864017486572, 0.6865196228027344, 0.6890776753425598, 0.692307710647583, 0.7065533995628357, 0.7002426981925964, 0.7095588445663452, 0.7045673131942749, 0.7031553387641907, 0.7009803652763367, 0.6990384459495544, 0.7132353186607361, 0.707932710647583, 0.7266990542411804, 0.7252427339553833, 0.712135910987854, 0.7230582237243652, 0.7218446731567383, 0.7315533757209778, 0.7266990542411804, 0.7308252453804016, 0.7366504669189453, 0.7262135744094849, 0.7354369163513184, 0.7347087264060974, 0.7334951162338257, 0.7385922074317932, 0.7405340075492859, 0.7342233061790466, 0.7382211685180664, 0.7448529601097107, 0.7558252215385437, 0.7461165189743042, 0.7485436797142029, 0.753398060798645, 0.7424757480621338, 0.7473557591438293], "val_loss": [3.4808389627480807, 3.471517771105223, 3.4787632755086393, 3.4626831253872643, 3.766451645501052, 3.7662476105026053, 3.5364094414288485, 2.6410303930693035, 2.0441824710821805, 1.7846381151223485, 1.6812675421750998, 1.5844218112245392, 1.5139371926271463, 1.4824045308028595, 1.4429405957837649, 1.3757665459113786, 1.3083485048028487, 1.2581657314602332, 1.2584233812139005, 1.1578650980056087, 1.1023035728478734, 1.0682901890971992, 1.0308704761010181, 1.003492863117894, 0.9792750447611266, 0.9319834943059124, 0.925909940200516, 0.8828566187544714, 0.8695124961152861, 0.8354398781740213, 0.8126114984101886, 0.806101578323147, 0.7852168388759033, 0.7892705707610408, 0.7874864920785155, 0.7511631786068783, 6.020694002320495, 1.7159001389636268, 0.8985014935083027, 0.7411239177365846, 0.6977735882318472, 0.6843630060364928, 0.6715484929235676, 0.6519757037675833, 0.6655210335797901, 0.657594744169541, 0.6510647886161562, 0.6702689592596851, 0.6303837819944454, 0.627067426714716, 0.6225892448727088, 0.6125989522360549, 0.600013746868206, 0.6097817851018302, 0.5828291841700107, 0.5942039863218235, 0.5736495271513734, 0.5617879787577859, 0.5752997971788237, 0.5697299822976317, 0.5686979689930058, 0.5808546716653848, 0.5611358458482767, 0.5482700685911541, 0.5484771128696732, 0.556615461654301, 0.5327961595752572, 0.5367189898521085, 0.5253570913514004, 0.5366734160652643, 0.5521454882772663, 0.5371399280391161, 0.5223526407646227, 0.5270920773095722, 0.5149728006954435, 0.49624725082252596, 0.5134335677080517, 0.5093683362761631, 0.5043921791299989, 0.4991310427460489, 0.5089306540881531], "val_accuracy": [0.06018796190619469, 0.059988003224134445, 0.05758848413825035, 0.05578884109854698, 0.05218956246972084, 0.05938812345266342, 0.10117976367473602, 0.26074784994125366, 0.4029194116592407, 0.4717056453227997, 0.46130773425102234, 0.509498119354248, 0.5132973194122314, 0.5452909469604492, 0.5552889704704285, 0.5494900941848755, 0.5894821286201477, 0.6030793786048889, 0.5946810841560364, 0.6230753660202026, 0.6402719616889954, 0.6554688811302185, 0.6756648421287537, 0.6818636059761047, 0.6970605850219727, 0.6980603933334351, 0.7098580002784729, 0.7134572863578796, 0.7270545959472656, 0.7426514625549316, 0.7428514361381531, 0.7484503388404846, 0.7542491555213928, 0.7416516542434692, 0.7490501999855042, 0.7652469277381897, 0.26454707980155945, 0.5468906164169312, 0.7138572335243225, 0.7550489902496338, 0.7766446471214294, 0.7866426706314087, 0.7932413220405579, 0.7942411303520203, 0.7926414608955383, 0.7974405288696289, 0.8034393191337585, 0.7852429747581482, 0.7952409386634827, 0.797840416431427, 0.7998400330543518, 0.804439127445221, 0.8104379177093506, 0.8170365691184998, 0.8146370649337769, 0.80563884973526, 0.8202359676361084, 0.8260347843170166, 0.8236352801322937, 0.8174365162849426, 0.8188362121582031, 0.8104379177093506, 0.8258348107337952, 0.8266346454620361, 0.8246350884437561, 0.8146370649337769, 0.8208358287811279, 0.836432695388794, 0.8300340175628662, 0.82783442735672, 0.8182363510131836, 0.8244351148605347, 0.835632860660553, 0.8302339315414429, 0.8384323120117188, 0.841431736946106, 0.8314337134361267, 0.8368326425552368, 0.8446310758590698, 0.844231128692627, 0.8338332176208496]}