{"loss": [0.26358108425024646, 0.11728568145082992, 0.11118409831836386, 0.10816829540197131, 0.10646299437701123, 0.10364623470948292], "accuracy": [0.9176617860794067, 0.9763322472572327, 0.9767107963562012, 0.9767107367515564, 0.9767390489578247, 0.9767391681671143], "val_loss": [0.11174260617434224, 0.11429905042618135, 0.11800960743729072, 0.12371440929702565, 0.11960549935509887, 0.11491176636913154], "val_accuracy": [0.9767447710037231, 0.9767447710037231, 0.9767447710037231, 0.9767447710037231, 0.9767447710037231, 0.9767447710037231]}