{
  "loss": [
    0.12151521718577131,
    0.06318580189878281,
    0.044923792967320866
  ],
  "accuracy": [
    0.9693077802658081,
    0.9802964329719543,
    0.9840952754020691
  ],
  "val_loss": [
    0.10119001394269442,
    0.03782384095694682,
    0.023162199029078085
  ],
  "val_accuracy": [
    0.9769695997238159,
    0.9856913685798645,
    0.9916307926177979
  ]
}