{"loss": [0.12247758209339465, 0.06577133188316277, 0.045464055470106526, 0.03573919303203782, 0.030024264751512646, 0.026343572797303243, 0.023298548671123732, 0.02126317742996827, 0.01948499665596088, 0.018365577946832534, 0.016943684737050407, 0.016279520679695177, 0.015524044839916444, 0.014826032999726782, 0.014176132298828609, 0.013463382638718054, 0.012960314178176951, 0.012652194836645526, 0.012483052264696584, 0.011972851070123127, 0.01148456414837163, 0.011530514075032538, 0.011080494099215597], "accuracy": [0.9702054262161255, 0.9800764322280884, 0.9841416478157043, 0.9871627688407898, 0.9890609979629517, 0.99052494764328, 0.9916064739227295, 0.9923629760742188, 0.9929929971694946, 0.9934756755828857, 0.9939259886741638, 0.9942625761032104, 0.994536817073822, 0.9947789907455444, 0.9949781894683838, 0.9953017234802246, 0.9954180717468262, 0.9956027865409851, 0.9956823587417603, 0.9958612322807312, 0.995990514755249, 0.9960572719573975, 0.9961525797843933], "val_loss": [0.09472187981009483, 0.03945359924450667, 0.040374821409432576, 0.01858380820715066, 0.01296180265137192, 0.010540500974677729, 0.008815332007773145, 0.008252364739709807, 0.007128324018052845, 0.007146039263890925, 0.04142997020648585, 0.006426875607105856, 0.005953170199210596, 0.005936179943900142, 0.005939481941326944, 0.005637801540404031, 0.2795062278858339, 0.005169827321125665, 0.0059548069780570164, 0.0053363649078734185, 0.007579320768303604, 0.006175239183269723, 0.007027259876721097], "val_accuracy": [0.9774243831634521, 0.9861443042755127, 0.9870135188102722, 0.9933120012283325, 0.9954016804695129, 0.9963057041168213, 0.9969354867935181, 0.9971147179603577, 0.9974991083145142, 0.9976077675819397, 0.9886980652809143, 0.9978161454200745, 0.9979408383369446, 0.9979576468467712, 0.9979633688926697, 0.9981290102005005, 0.9669263362884521, 0.9982597231864929, 0.9979357719421387, 0.9981529712677002, 0.9975304007530212, 0.9979797005653381, 0.997692346572876]}