{"loss": [0.2712742874923262, 0.11594738976179975, 0.10984526370624895, 0.10746758758153731, 0.1047238434402688], "accuracy": [0.902517557144165, 0.9763944149017334, 0.976710855960846, 0.9767277240753174, 0.9767447113990784], "val_loss": [0.12201514868419382, 0.12591488781986357, 0.12498937726398057, 0.1262335718809804, 0.11968260984632033], "val_accuracy": [0.9767447710037231, 0.9767447710037231, 0.9767447710037231, 0.9767447710037231, 0.9767447710037231]}