{
  "loss": [
    2.611496148629187,
    1.4047142288862253,
    1.0569204846835512,
    0.8777438473508034,
    0.7591360933856774,
    0.6760053340661,
    NaN
  ],
  "accuracy": [
    0.23809650540351868,
    0.5423027873039246,
    0.6514625549316406,
    0.71049964427948,
    0.7513077855110168,
    0.7799188494682312,
    0.3362068831920624
  ],
  "val_loss": [
    1.6783873992736893,
    0.7404982917236559,
    0.5168641754473099,
    0.5517720105220573,
    0.3563846566460349,
    0.42647451493475175,
    NaN
  ],
  "val_accuracy": [
    0.5655581951141357,
    0.7565320730209351,
    0.8142517805099487,
    0.8070467114448547,
    0.8872525691986084,
    0.8476642966270447,
    0.0047505940310657024
  ]
}