{"loss": [1.7914082377980407, 1.1796537218371819, 1.0371093092039045, 0.9358051143156321, 0.8718306108079497, 0.8300079979050996], "accuracy": [0.5457457304000854, 0.6704387664794922, 0.7109800577163696, 0.7438347339630127, 0.762357234954834, 0.7746877074241638], "val_loss": [7.237661768691709, 7.489863094657358, 6.412229412733907, 10.313394777702563, 6.834850236622974, 7.049196792371346], "val_accuracy": [0.035629455000162125, 0.059382423758506775, 0.011876484379172325, 0.035629455000162125, 0.035629455000162125, 0.035629455000162125]}