{"loss": [3.5955730864367133, 3.489484673186785, 3.482153710018829, 3.478889699270876, 3.479241859318544, 3.478397030324886, 3.4766233294702737, 3.476964616566798, 3.4763658979067085, 3.475149818350974], "accuracy": [0.05682182312011719, 0.05484680086374283, 0.05703533813357353, 0.05452653020620346, 0.057115405797958374, 0.05596775934100151, 0.056688375771045685, 0.0573556087911129, 0.054206255823373795, 0.058583322912454605], "val_loss": [3.4894287839080347, 3.479312973793107, 3.480655606346901, 3.4759345945685802, 3.4753795826073848, 3.4721864618436253, 3.4745406321804935, 3.475408790087459, 3.4714684727216008, 3.4759438868724937], "val_accuracy": [0.054631829261779785, 0.05700712651014328, 0.05700712651014328, 0.05700712651014328, 0.05225653201341629, 0.059382423758506775, 0.05700712651014328, 0.059382423758506775, 0.054631829261779785, 0.059382423758506775]}