{"loss": [3.576361161000168, 3.4863451046942138, 3.47976962517455], "accuracy": [0.053245436400175095, 0.057569123804569244, 0.05687519907951355], "val_loss": [3.4917011790805392, 3.4727327245654482, 3.4693649308850065], "val_accuracy": [0.05700712651014328, 0.05700712651014328, 0.054631829261779785]}