{"loss": [3.4904888509546668, 3.357352099835294, 3.3494597791468057, 3.3416535113621686, 3.351293130059844, 3.3488356020844097], "accuracy": [0.06650485098361969, 0.06577669829130173, 0.06213592365384102, 0.061650484800338745, 0.0567961148917675, 0.06189320236444473], "val_loss": [3.4860623124279555, 3.4863777764235873, 3.495958590809303, 3.507808021352261, 3.516728410237952, 3.4885856109329416], "val_accuracy": [0.05098980292677879, 0.05558888241648674, 0.05558888241648674, 0.056588683277368546, 0.05098980292677879, 0.05558888241648674]}