{
  "loss": [
    2.5188155317575243,
    1.3109184444833961,
    0.894239299445629,
    0.6468036126130012,
    0.503487515153429,
    0.4221866827398271,
    0.36159693358139067,
    0.32105883050253536,
    0.2902936310204303,
    0.25593515914648723,
    0.2400887013819372,
    0.22824185043075845,
    0.20441844906961246,
    0.1977268603749525,
    0.18381656689848888,
    0.17774923565653464,
    0.16508188246063676,
    0.16269458210511845
  ],
  "accuracy": [
    0.3299415707588196,
    0.5849248766899109,
    0.7124295830726624,
    0.793362557888031,
    0.8379774689674377,
    0.8657639026641846,
    0.8850709795951843,
    0.8980901837348938,
    0.9078219532966614,
    0.9196577668190002,
    0.9230167269706726,
    0.9288397431373596,
    0.9356994032859802,
    0.9374869465827942,
    0.9436964988708496,
    0.9435921311378479,
    0.9482731819152832,
    0.9489822387695312
  ],
  "val_loss": [
    3.3140096411560522,
    0.7217742609556275,
    0.6552987697750631,
    0.410579822054415,
    0.38032757596235084,
    0.3278541675947531,
    0.31269105211502374,
    0.2263569591021297,
    0.20119585493824096,
    0.24343024766204333,
    0.2311795549373133,
    0.2920689345760779,
    0.17297069722730102,
    0.8307006589391015,
    0.21896032242085597,
    0.5958324462325886,
    0.29286339705941655,
    2.8394444970169452
  ],
  "val_accuracy": [
    0.19659540057182312,
    0.7529691457748413,
    0.7702296376228333,
    0.8714964389801025,
    0.8749802112579346,
    0.8912113904953003,
    0.9003167152404785,
    0.9231987595558167,
    0.9368171095848083,
    0.9250198006629944,
    0.9291369915008545,
    0.9083927273750305,
    0.9460015892982483,
    0.7775930166244507,
    0.9323832392692566,
    0.834045946598053,
    0.9144893288612366,
    0.5073634386062622
  ]
}