{"val_loss": [3.568633644181808, 3.874944637546871, 4.875538588189955, 4.9469931448395075, 6.208865645503407, 6.083856537827871, 4.562108567799838, 4.1375229830170746, 4.010146218761161, 2.3025150441618067, 1.440370353215505, 0.7259916805238921, 0.7300119764255156, 0.9001323940562763, 0.5446015415942995, 0.48854621716098434, 0.8390964998218733], "val_accuracy": [0.0587882436811924, 0.0587882436811924, 0.05098980292677879, 0.07758448272943497, 0.05578884109854698, 0.07198560237884521, 0.03979204222559929, 0.14937011897563934, 0.18776245415210724, 0.41331732273101807, 0.6286742687225342, 0.7760447859764099, 0.7686462998390198, 0.7498500347137451, 0.8334333300590515, 0.8460307717323303, 0.7572485208511353], "loss": [3.5965262667646685, 2.8957187245193037, 2.2823587394455105, 1.9251477954457108, 1.6889751732928082, 1.5051190086938802, 1.370800012986637, 1.1981816658606896, 1.108176951081145, 0.9929770933771597, 0.9158647703892976, 0.822514026720547, 0.768334111079429, 0.6696391601585647, 0.6485970453151222, 0.5755115770376645, 0.5721794130755405], "accuracy": [0.09029126167297363, 0.20582523941993713, 0.34174758195877075, 0.41771844029426575, 0.4604368805885315, 0.5220873951911926, 0.550000011920929, 0.606249988079071, 0.6436274647712708, 0.6837378740310669, 0.712135910987854, 0.7480582594871521, 0.7609223127365112, 0.7873786687850952, 0.7970873713493347, 0.8163461685180664, 0.8227941393852234]}