{"val_loss": [4.553032256418622, 1.9652812796552692, 0.9090699198127076, 0.5794648583881079, 0.7753631568577963, 0.2862334132288905, 0.23296801417664886, 0.32706594561076974, 0.7536923708419241, 0.1853843796895028, 0.6510746790318855, 0.24863243066688803, 0.42362367745344354, 2.524718299746419, 0.19508815690674483, 0.2949080241099295, 0.6779259788546408, 16.282848082396686, 0.8551285944566402, 3.9995633856984045, 1.5797379708913046, 0.2825808571900815, 9.81574660200782, 1.9957683917368014, 2.248362892729275, 45.83778378689752, 11.95243220838968, 9.671658648825408, 13.29507595177029, 10.19446281454248], "val_accuracy": [0.12992873787879944, 0.506334125995636, 0.7547110319137573, 0.8395882844924927, 0.8198733329772949, 0.9262866377830505, 0.9403800368309021, 0.9136975407600403, 0.7866191864013672, 0.9528107643127441, 0.8621535897254944, 0.9370546340942383, 0.8886777758598328, 0.667933464050293, 0.9475059509277344, 0.9308788776397705, 0.8860649466514587, 0.10490895062685013, 0.8237529397010803, 0.5603325366973877, 0.7312747240066528, 0.9333333373069763, 0.3237529695034027, 0.6748218536376953, 0.6776722073554993, 0.055106889456510544, 0.3524940609931946, 0.3760886788368225, 0.2301662713289261, 0.47212985157966614], "loss": [2.1416196860940637, 0.9488769882134868, 0.6053802663760901, 0.4590678510872911, 0.3585377228525033, 0.31103633569354827, 0.2852159041598007, 0.23795840913630856, 0.22947388395676407, 0.20762957828331283, 0.18838341843606635, 0.18143551925283163, 0.1657658371824769, 0.1515190052959086, 0.14974388749222248, 0.13919761026734176, 0.12757837313181286, 0.12933103107281405, 0.11035944972956288, 0.11544894609049015, 0.10787968575896897, 0.10260824512506024, 0.09853736146237912, 0.09351602949410447, 0.0887392994663339, 0.09065354595933148, 0.08478334703370136, 0.08977637842761757, 0.07310637937225913, 0.07383969815586332], "accuracy": [0.38068774342536926, 0.6933834552764893, 0.8103214502334595, 0.8596848249435425, 0.8897672891616821, 0.9075871706008911, 0.9157795906066895, 0.9302076697349548, 0.9340690970420837, 0.9418179988861084, 0.9453924298286438, 0.949332058429718, 0.9525673389434814, 0.9570288062095642, 0.9588029384613037, 0.9607597589492798, 0.9651168584823608, 0.9639167189598083, 0.9686130285263062, 0.9667605757713318, 0.9696827530860901, 0.9700741171836853, 0.9734398126602173, 0.9734658598899841, 0.9758400917053223, 0.9758140444755554, 0.977092444896698, 0.975944459438324, 0.9788405299186707, 0.9787883758544922]}