{"val_loss": [3.5071916006334414, 1.3936458769811115, 0.8462647664952826, 0.6794073213449283, 0.8134516969146185, 0.5574883279966534, 0.43312891979044804, 0.5588820778417474, 0.49127947223960455, 0.28190800317445874, 0.24473191870941308, 0.27368897209452764, 0.18430368745122885, 0.2032774486029646, 0.19577739128779534, 0.23209715975567946, 0.20078548314322675, 0.16045582336731262, 0.26155642945118845, 0.19323967461513322, 0.16980692250204293, 0.5047021316684435, 0.15494298448230148, 0.2399928797433125, 0.20991520351792597, 0.24990109977277727, 0.1736699902620653, 0.181463262051866, 0.1941038392929571, 0.1516438316589226], "val_accuracy": [0.06904195994138718, 0.5555027723312378, 0.711797297000885, 0.7667458653450012, 0.739509105682373, 0.8267616629600525, 0.8589073419570923, 0.838638186454773, 0.8547109961509705, 0.9112430810928345, 0.926444947719574, 0.9206650853157043, 0.9409343004226685, 0.9378464221954346, 0.9389548897743225, 0.9326207637786865, 0.9427553415298462, 0.9522565603256226, 0.9275534152984619, 0.9442597031593323, 0.9481393694877625, 0.8815518617630005, 0.9524940848350525, 0.9380839467048645, 0.947189211845398, 0.9356294274330139, 0.95502769947052, 0.951543927192688, 0.9502770900726318, 0.9591448903083801], "loss": [2.99819193105616, 1.9112567128309237, 1.4397960036610613, 1.1033846388954605, 0.8708886338629352, 0.6931378215783582, 0.5690210899366914, 0.47153828683857535, 0.39665523078237885, 0.34775075611749634, 0.3106358762878555, 0.2718357419576327, 0.25245577333104124, 0.22057857676200412, 0.2001782981390727, 0.18418425655346718, 0.17371212426220448, 0.16549986734413402, 0.14880067268799269, 0.14142268384259724, 0.13313778651611058, 0.1223479045063223, 0.11452119563377776, 0.10981661384933097, 0.10180620811789226, 0.09998474098291871, 0.09664204893768145, 0.09254265683406324, 0.08560141157047214, 0.08483974439853192], "accuracy": [0.20097075402736664, 0.42685356736183167, 0.5464955568313599, 0.6454208493232727, 0.7183803915977478, 0.7764720916748047, 0.8138715028762817, 0.8436582088470459, 0.8720654249191284, 0.8879039287567139, 0.8992208242416382, 0.9114829301834106, 0.91845703125, 0.9283433556556702, 0.936339259147644, 0.9404266476631165, 0.9436198472976685, 0.9471452236175537, 0.952126681804657, 0.9548090696334839, 0.9572614431381226, 0.9604547023773193, 0.9627794027328491, 0.9656150341033936, 0.9672755002975464, 0.9685017466545105, 0.968552827835083, 0.9716183543205261, 0.9727168083190918, 0.9740707874298096]}