{"loss": [0.7043415139576898, 0.7037679621506079, 0.7031498388184915, 0.7025567246923837, 0.7019695861051177, 0.7015005486086725, 0.7010624097261199, 0.7007411704755923, 0.7004845355765728, 0.7001649859049324, 0.6999506754000565, 0.6997635378008039, 0.6995364483798474, 0.6992916385459632, 0.6991420782165123, 0.6989420198270501, 0.6988313020684128, 0.6987037578828974, 0.6985756799713502, 0.6985374122488802, 0.6983231268092698, 0.6982447953593737, 0.6981471992723634, 0.6980444332149114, 0.6979782326953258, 0.6978476864683444, 0.6977638428597055, 0.6976805108932567, 0.6976813790274087, 0.6975590818837953], "accuracy": [0.9753835797309875, 0.9751849174499512, 0.97487872838974, 0.9745171070098877, 0.9744327068328857, 0.9744144082069397, 0.9746190905570984, 0.9744998812675476, 0.9743890166282654, 0.9746119976043701, 0.9745626449584961, 0.9745577573776245, 0.9746785759925842, 0.9750027656555176, 0.9750474095344543, 0.9751896262168884, 0.9751187562942505, 0.9750685095787048, 0.9752230644226074, 0.9751310348510742, 0.9754124283790588, 0.9754354357719421, 0.9754282236099243, 0.9755147099494934, 0.9755411744117737, 0.975764274597168, 0.975680947303772, 0.9757408499717712, 0.9756157994270325, 0.975837230682373], "val_loss": [0.704240164973519, 0.7041438071414677, 0.7045860076793516, 0.7046296364731259, 0.7045331552173152, 0.7043449381987253, 0.7041903424142587, 0.7042196826501326, 0.7046036045960705, 0.704264005627295, 0.7056635642292524, 0.7047997520427511, 0.7045839338591604, 0.7051871142002067, 0.7054657716341693, 0.7055241122390284, 0.7053973506195377, 0.7060806504403702, 0.7057452391494404, 0.7057761272998772, 0.7046860308960231, 0.7048614314108184, 0.7042368409609554, 0.7044230509888042, 0.7047159617597406, 0.7049875497215926, 0.7044380078412066, 0.7042808647107597, 0.7042201802586064, 0.7041339738802477], "val_accuracy": [0.9767453074455261, 0.9767453074455261, 0.9765361547470093, 0.9731666445732117, 0.9766767024993896, 0.9767453074455261, 0.9767453074455261, 0.9767434597015381, 0.9735183119773865, 0.9767453074455261, 0.9554073810577393, 0.9667123556137085, 0.976667582988739, 0.9637593030929565, 0.9551461935043335, 0.954915463924408, 0.9581416845321655, 0.9559394121170044, 0.9561017155647278, 0.9589897394180298, 0.9747056365013123, 0.9635822772979736, 0.9765641093254089, 0.9767453074455261, 0.9736192226409912, 0.9639026522636414, 0.9749359488487244, 0.9766989946365356, 0.9767453074455261, 0.9765989780426025]}