{
  "loss": [
    4.55587251364569,
    3.7169791647169497
  ],
  "accuracy": [
    0.0459793396294117,
    0.11342921108007431
  ],
  "val_loss": [
    3.727127458475813,
    3.787606396252596
  ],
  "val_accuracy": [
    0.03599280118942261,
    0.05038992315530777
  ]
}