{"loss": [4.395586776037991, 3.425439249100124, 2.8107009593692416, 2.427290404497285, 2.185718947536723, 1.9905061694758128, 1.8432667620249163, 1.7274050722002428, 1.6163314057188476, 1.491174225623791, 1.4247929379618691, 1.3334661171986506, 1.2831114570404418, 1.2222709496067177, 1.1583198382590303, 1.0884677473654119, 1.0598183218129424, 1.013661420668864, 0.911336333543539], "accuracy": [0.054486531764268875, 0.1622442752122879, 0.25440549850463867, 0.32064005732536316, 0.3550739288330078, 0.3998379707336426, 0.4350820481777191, 0.4624265730381012, 0.4909864366054535, 0.5202323794364929, 0.55120849609375, 0.5715144276618958, 0.5894267559051514, 0.5997542142868042, 0.629127025604248, 0.6532307267189026, 0.6564715504646301, 0.667409360408783, 0.6981973052024841], "val_loss": [3.775284030769445, 3.9441313381436505, 4.261571627628954, 4.299556593351726, 4.110292048393926, 3.9814773722539973, 3.7280173543133315, 2.374262182018425, 1.6079330202899402, 1.500684051574031, 1.0690473650075212, 1.005336016039305, 0.891455053528653, 0.8994355269625217, 0.7996356864518757, 0.9547275915930543, 0.9177526922165593, 0.8261172511155093, 0.6319515207145787], "val_accuracy": [0.05138972029089928, 0.03479304164648056, 0.03479304164648056, 0.03479304164648056, 0.05078984051942825, 0.09638072550296783, 0.06038792058825493, 0.28974205255508423, 0.5004999041557312, 0.5234953165054321, 0.6420716047286987, 0.6652669310569763, 0.6986602544784546, 0.6994600892066956, 0.7330533862113953, 0.6750649809837341, 0.6876624822616577, 0.7142571210861206, 0.7912417650222778]}