{
  "loss": [
    4.354435654915077,
    3.4249006149762553
  ],
  "accuracy": [
    0.06177840754389763,
    0.16548511385917664
  ],
  "val_loss": [
    3.7169680836834487,
    3.755928947955747
  ],
  "val_accuracy": [
    0.052789442241191864,
    0.03459308296442032
  ]
}