{
  "loss": [
    2.598962070517623,
    1.3291026374071222,
    0.872055692563027,
    0.6455610201352942,
    0.5095294815213446,
    0.424332050868894,
    0.3554957810022972,
    0.31301319186335197,
    0.2711730875314281,
    0.24619299529697594,
    0.22968687509076502,
    0.21018842531457024,
    0.19678777444829704,
    0.18412089037272558,
    0.17574973256799784,
    0.16094531464712894,
    0.15516182958357513,
    0.14975952861421554,
    0.14348001217443127,
    0.13493976860007983,
    0.13504611904238437,
    0.12776640417724228
  ],
  "accuracy": [
    0.31226646900177,
    0.5806288123130798,
    0.7166382074356079,
    0.7925963401794434,
    0.8373011350631714,
    0.8628162741661072,
    0.8877441883087158,
    0.900421679019928,
    0.9146738648414612,
    0.9228675365447998,
    0.9281787276268005,
    0.9336233735084534,
    0.9369328618049622,
    0.9430714249610901,
    0.9462741613388062,
    0.949209988117218,
    0.9515319466590881,
    0.953346848487854,
    0.9547613859176636,
    0.9571901559829712,
    0.9574570059776306,
    0.9606597423553467
  ],
  "val_loss": [
    2.990077435368239,
    0.9379824436072147,
    0.5173839186929693,
    0.4965567479681487,
    0.34155872434076634,
    0.48344419113915377,
    0.4803968875697165,
    0.2803869353174561,
    0.35037361322478816,
    0.26778115633160177,
    0.2373808298749153,
    0.32891547446600117,
    0.2026691221716729,
    0.3633797610310292,
    0.21083533438392962,
    0.27411903307368657,
    0.19222655362741212,
    0.4326801188101973,
    0.21976891207047786,
    0.3031059101228649,
    1.752345062566526,
    0.317788642934627
  ],
  "val_accuracy": [
    0.13745051622390747,
    0.6917656660079956,
    0.8324623703956604,
    0.8410134315490723,
    0.8916072845458984,
    0.8518606424331665,
    0.8622328042984009,
    0.913776695728302,
    0.8931116461753845,
    0.9152810573577881,
    0.9298495650291443,
    0.9088677763938904,
    0.9391924142837524,
    0.8988915085792542,
    0.9374505281448364,
    0.9243863821029663,
    0.9426761865615845,
    0.8872525691986084,
    0.9380839467048645,
    0.9151227474212646,
    0.6022961139678955,
    0.9148060083389282
  ]
}