{
  "val_loss": [
    0.09603108276663937,
    0.015005452070689021,
    0.013264659759739705,
    0.013452210844371258,
    0.006110401661596125,
    0.006331322122857812,
    0.005666634866264328,
    0.005132364689631304,
    0.00530983490835483,
    0.006415390816494315,
    0.007671731020385136,
    0.004958411036922006,
    0.007838478065608327,
    0.005884527823587648,
    0.027569381469124757,
    0.008107546653734227,
    0.005815124774118701
  ],
  "val_accuracy": [
    0.9771364331245422,
    0.9948534369468689,
    0.9960647821426392,
    0.996320903301239,
    0.9981731176376343,
    0.9982064366340637,
    0.9981068968772888,
    0.9984842538833618,
    0.9984126091003418,
    0.9983130097389221,
    0.9978380799293518,
    0.9985634684562683,
    0.997995913028717,
    0.9984290599822998,
    0.9943711161613464,
    0.9978083372116089,
    0.9984877705574036
  ],
  "loss": [
    0.08192109306247153,
    0.028083284749500625,
    0.016356236450600817,
    0.011785100761125307,
    0.00954777219147723,
    0.008052700062873869,
    0.00741078389616743,
    0.005866865751551178,
    0.005995879231932146,
    0.005472440272445374,
    0.005119044285863177,
    0.0049201956520309835,
    0.0046540229458275646,
    0.004438606781311684,
    0.004120441471435606,
    0.00417991656257436,
    0.003912046560329605
  ],
  "accuracy": [
    0.9769282341003418,
    0.9904121160507202,
    0.9943709373474121,
    0.9960587024688721,
    0.9969030022621155,
    0.9975078701972961,
    0.9977258443832397,
    0.9981708526611328,
    0.9981778264045715,
    0.9983487129211426,
    0.9984831809997559,
    0.9985231161117554,
    0.9986424446105957,
    0.9986765384674072,
    0.9988054633140564,
    0.9987800121307373,
    0.9988543391227722
  ]
}