{
  "loss": [
    0.2844496219761664,
    0.09853633478390467,
    0.07475187866969922,
    0.06062744877173792,
    0.05014302781355016,
    0.04152539693709179,
    0.034309339236809705,
    0.028752361205629698,
    0.02474908827916082,
    0.02176196307017071,
    0.018917865749737667,
    0.0170316556522296,
    0.015586738065927122,
    0.01433273888275296,
    0.013834727554002108,
    0.013066629987352016
  ],
  "accuracy": [
    0.8900798559188843,
    0.9763728380203247,
    0.9787701368331909,
    0.9810960292816162,
    0.9832006692886353,
    0.9855350255966187,
    0.9878772497177124,
    0.9898867011070251,
    0.9913724064826965,
    0.9924335479736328,
    0.9933957457542419,
    0.9940503239631653,
    0.9945825934410095,
    0.9949885606765747,
    0.9952034950256348,
    0.9955371022224426
  ],
  "val_loss": [
    0.10273665088144215,
    0.08123694510772975,
    0.07033960684908158,
    0.049254576534484375,
    0.05734976915543718,
    0.03328801052776551,
    0.05148179225172057,
    0.022613322573967955,
    0.042430671787999495,
    0.013184240127847803,
    0.019163772238023354,
    0.04186996466696563,
    0.011403035882841608,
    0.14916961278879282,
    0.020494489055691345,
    0.05275497091651866
  ],
  "val_accuracy": [
    0.9767453074455261,
    0.978526771068573,
    0.9803141355514526,
    0.9834004640579224,
    0.9817560911178589,
    0.9870801568031311,
    0.9832143187522888,
    0.9920563697814941,
    0.9874628186225891,
    0.9952805042266846,
    0.9931798577308655,
    0.9870113134384155,
    0.9960667490959167,
    0.971684455871582,
    0.9934499859809875,
    0.9862211346626282
  ]
}