{
  "loss": [
    0.28273655298878164,
    0.09692405671393514,
    0.0769434584454028,
    0.060153512075961785,
    0.049448418417362666,
    0.03975555068175248,
    0.03283483283066299,
    0.027658687032511817,
    0.02356072847152852,
    0.020503533230359722,
    0.01801112027377689,
    0.016607522795851183
  ],
  "accuracy": [
    0.890073299407959,
    0.9763550162315369,
    0.9781640768051147,
    0.9809960722923279,
    0.983178973197937,
    0.9860631823539734,
    0.9882906079292297,
    0.9900102019309998,
    0.9916764497756958,
    0.9928215742111206,
    0.9936622977256775,
    0.9941869974136353
  ],
  "val_loss": [
    0.1019030154278182,
    0.08206280358511993,
    0.05946802186092945,
    0.058752729849080844,
    0.044389265241345975,
    0.05717728930440816,
    0.024202060396547872,
    0.022983102983973845,
    0.019003623442705533,
    0.013472615120311579,
    0.14314601465006066,
    0.035828701497968095
  ],
  "val_accuracy": [
    0.9767453074455261,
    0.977424144744873,
    0.9813417196273804,
    0.9814261198043823,
    0.9842402338981628,
    0.9834795594215393,
    0.9910306930541992,
    0.9914229512214661,
    0.993120551109314,
    0.995208740234375,
    0.9745607376098633,
    0.9894053339958191
  ]
}