{
  "loss": [
    0.864514227862497
  ],
  "accuracy": [
    0.5260612964630127
  ],
  "val_loss": [
    0.6044095249115666
  ],
  "val_accuracy": [
    0.8436264991760254
  ]
}