{"loss": [0.8619179673565244, 0.6145618561402107, 0.3254480073174227, 0.17167518162032933, 0.12966281059876228, 0.11532777743142786, 0.11010393980637337, 0.10549992873118474, 0.10181707982339111, 0.10139490261818598, 0.09836494090777], "accuracy": [0.5294593572616577, 0.6930628418922424, 0.922234058380127, 0.9679440259933472, 0.9737130403518677, 0.9750168919563293, 0.9755135774612427, 0.9756094813346863, 0.9760943055152893, 0.9755870699882507, 0.9758638143539429], "val_loss": [0.6044359259967562, 0.43103823782522466, 0.17638870262646977, 0.12757195098490653, 0.11468706911877741, 0.11064109611737577, 0.10697062860561322, 0.1053262422733669, 0.10337564302831176, 0.10027816240923314, 0.09528916186550587], "val_accuracy": [0.8631715774536133, 0.9767447710037231, 0.9767447710037231, 0.9767447710037231, 0.9767447710037231, 0.9767447710037231, 0.9767447710037231, 0.9767447710037231, 0.976745069026947, 0.9767447710037231, 0.976745069026947]}