{"loss": [0.8491594471977753], "accuracy": [0.5360464453697205], "val_loss": [0.6068044501014903], "val_accuracy": [0.8654595017433167]}