{
  "loss": [
    0.8594093864403882,
    0.6163684326468162,
    0.3298527176519042,
    0.17482288118126324,
    0.13027842598922043,
    0.1169241280231661,
    0.11002112697918438,
    0.10575701009879993,
    0.10324625762052907,
    0.0992992357866278,
    0.09670160557459859,
    0.09453625262362286,
    0.09069390379398772,
    0.08871490705071143,
    0.08526253109996759
  ],
  "accuracy": [
    0.5301423072814941,
    0.6935198307037354,
    0.9184239506721497,
    0.9674757719039917,
    0.9733970165252686,
    0.9745143055915833,
    0.9756718873977661,
    0.9756659269332886,
    0.9756321310997009,
    0.9761741757392883,
    0.9762814044952393,
    0.9761741161346436,
    0.9764899611473083,
    0.9766315221786499,
    0.9767161011695862
  ],
  "val_loss": [
    0.6185114089446732,
    0.3769229646724991,
    0.17720143591301352,
    0.12789618025852156,
    0.1125520827083648,
    0.10846405438607253,
    0.10477319916215123,
    0.10379939162702652,
    0.10318556135591073,
    0.09957612909470932,
    0.0956638356364226,
    0.09360325261007381,
    0.0842594114851348,
    0.08048603051825415,
    0.080077269880832
  ],
  "val_accuracy": [
    0.8001936078071594,
    0.9767447710037231,
    0.9767447710037231,
    0.9767447710037231,
    0.9767447710037231,
    0.9767447710037231,
    0.9767447710037231,
    0.976745069026947,
    0.9767447710037231,
    0.9767447710037231,
    0.9767447710037231,
    0.9771626591682434,
    0.9774556756019592,
    0.9775905013084412,
    0.977985680103302
  ]
}