{"loss": [0.28241134142308066, 0.09544065086726027, 0.07155301050902736, 0.05836353273757038, 0.04720680309841164, 0.037908422370418686, 0.03145173899578834, 0.026285882306665904, 0.02218059053937049, 0.019785290707057448, 0.017504324398802007, 0.01595617450369649, 0.014628250152668042, 0.01312775467087454, 0.012402090932221395, 0.011491066727397903, 0.010862369262574082, 0.0105810765709139, 0.010053782959582903, 0.009429823613569603, 0.009057769380612063, 0.008710858235904237, 0.008456142175244962], "accuracy": [0.8923143744468689, 0.976593554019928, 0.979551374912262, 0.9816998243331909, 0.9840681552886963, 0.9866828918457031, 0.988804817199707, 0.9907270073890686, 0.9922807812690735, 0.9931825399398804, 0.9939179420471191, 0.9944713115692139, 0.9949178695678711, 0.995498776435852, 0.9956833720207214, 0.9960706830024719, 0.9962893128395081, 0.9964168667793274, 0.9966402649879456, 0.9968259334564209, 0.9969009757041931, 0.9970681071281433, 0.9971462488174438], "val_loss": [0.10419824805976165, 0.07002712372276518, 0.1669944060420749, 0.04159560419543825, 0.04368382989607676, 0.03124986525926024, 0.026890430524192675, 0.02789488976651972, 0.012175012913748923, 0.01361956248633714, 0.010873439427785049, 0.014664019443884943, 0.009447360671162981, 0.00922477464050506, 0.007987034009684894, 0.019124097642347668, 0.00820720770438625, 0.006332375576620865, 0.007966081682366856, 0.008526719859660123, 0.08537622750031226, 0.015354714894930671, 0.05734373489865149], "val_accuracy": [0.9767453074455261, 0.9794211387634277, 0.9771332144737244, 0.984866201877594, 0.9851699471473694, 0.9887886047363281, 0.989916980266571, 0.9900551438331604, 0.9956929683685303, 0.9951538443565369, 0.9962363243103027, 0.9949545860290527, 0.9965987801551819, 0.996829092502594, 0.9974766969680786, 0.9942886233329773, 0.9972620606422424, 0.9978437423706055, 0.9974458813667297, 0.9972027540206909, 0.9828813076019287, 0.9951203465461731, 0.984304666519165]}