{"loss": [0.2817644182200097, 0.09455650152159918, 0.07253165537272903, 0.05951997784938847, 0.048731523598062584, 0.0392773824133352, 0.0321978643364362, 0.026709458126852655, 0.022733747946808148, 0.020332615971294807, 0.01788833961101553, 0.016238909043921303, 0.01504783404272579, 0.013504059196198709, 0.01260468142226953, 0.012058310484921486, 0.011321997558720926, 0.010768191782542682, 0.010396760781763397, 0.009856929832800397, 0.00947359753491241, 0.009012297972749625, 0.008547334887148591, 0.008446630927492173, 0.008212970647232308, 0.007800049966725559, 0.007843159195667547, 0.007465487316523626, 0.007533382354744651, 0.007157606207247133, 0.007006051952841189, 0.006925325394388647, 0.006546111301373517, 0.006606011747899497, 0.006337951113135529, 0.006291647003117475, 0.006053922792654626, 0.006085260094422737, 0.006169772723629423, 0.005720630262099499, 0.0056968868022431686, 0.005659153768093784, 0.0054869882209276, 0.005601479340310067, 0.005301622646576718, 0.005238668084064257, 0.005468375104265428, 0.0053346575695865815, 0.005048653056873504, 0.005162186087254808, 0.005004423467194425, 0.00529761285065421], "accuracy": [0.8921898007392883, 0.9769517779350281, 0.9794767498970032, 0.9814494848251343, 0.983586847782135, 0.9861963391304016, 0.9886660575866699, 0.9906688928604126, 0.9921251535415649, 0.9929651618003845, 0.9937712550163269, 0.9943910241127014, 0.9947609305381775, 0.9953705072402954, 0.9956421852111816, 0.995902955532074, 0.9961147904396057, 0.9963207244873047, 0.9964878559112549, 0.9966073036193848, 0.9967869520187378, 0.9969764947891235, 0.9971575736999512, 0.9971503615379333, 0.9972160458564758, 0.9973593950271606, 0.9973320960998535, 0.9975060224533081, 0.9974602460861206, 0.9976075291633606, 0.9976858496665955, 0.9977244138717651, 0.9978476166725159, 0.9978179335594177, 0.997912585735321, 0.9979071617126465, 0.9980051517486572, 0.9980336427688599, 0.9979625344276428, 0.998075544834137, 0.9981505274772644, 0.9981225728988647, 0.9982049465179443, 0.9981459379196167, 0.9982428550720215, 0.9982771873474121, 0.9982274174690247, 0.9982794523239136, 0.9983122944831848, 0.9982661008834839, 0.9983556866645813, 0.998271644115448], "val_loss": [0.10427025532481646, 0.07286348856157726, 0.05924805240573907, 0.04564416124438397, 0.037225102573031126, 0.03840699981935699, 0.019628664060034835, 0.01871890029540718, 0.027739086950367146, 0.013027809936590869, 0.01211341044564515, 0.12735546530798228, 0.00991803180012438, 0.011839796161053307, 0.011675279099503626, 0.24691665315567846, 0.01825233721268373, 0.009479726776433639, 0.009641213598203963, 0.008798616647842632, 0.00843675808176737, 0.010759486970868, 0.009136124810961198, 0.00856947180911466, 0.015544809384572537, 0.011156221825836433, 0.03954847962266267, 0.007677856365317535, 0.3050754743091988, 0.02532704160878002, 0.3311733468012376, 0.32579354430087887, 0.24887084501861323, 0.06699366812979934, 0.3040589833199376, 0.336105583442582, 0.18780338327692012, 0.3467019313212597, 0.19917248136768437, 0.3175279889443908, 0.36409273547957643, 0.02180906260536626, 0.12253656464092659, 0.025133868463036387, 0.1785541559861164, 0.1639722269216571, 0.15424628341288277, 0.11174789375879547, 0.018050874778624586, 0.08450698224131507, 0.010666473380012456, 0.08537712185220285], "val_accuracy": [0.9767453074455261, 0.9794082045555115, 0.9817208647727966, 0.9836028218269348, 0.9861957430839539, 0.9863359928131104, 0.9932072758674622, 0.9932770133018494, 0.9908878207206726, 0.995392918586731, 0.9955087304115295, 0.9740927815437317, 0.9964072108268738, 0.9959837198257446, 0.9959009289741516, 0.9750003814697266, 0.9941059947013855, 0.9968106150627136, 0.996808648109436, 0.9970331192016602, 0.9971455335617065, 0.9964940547943115, 0.996898889541626, 0.9971785545349121, 0.9953248500823975, 0.9964200258255005, 0.9898377060890198, 0.9974529147148132, 0.959813117980957, 0.9927067756652832, 0.9714215397834778, 0.9721267819404602, 0.9667805433273315, 0.9852194786071777, 0.9736768007278442, 0.9707749485969543, 0.9672762155532837, 0.9767525792121887, 0.9728190898895264, 0.9760845303535461, 0.9675135016441345, 0.9933711886405945, 0.9765416383743286, 0.9928779006004333, 0.9726604223251343, 0.9758638143539429, 0.9768856763839722, 0.9794932007789612, 0.9947614073753357, 0.9819586277008057, 0.9967646598815918, 0.982184886932373]}