{"loss": [0.2830957656397539, 0.09380141081487507, 0.07331331824068327, 0.059588925361957826, 0.04903907870516472, 0.039955004729951754, 0.03223921666527311, 0.026669230916419723, 0.02247878549905066, 0.019316249666134003, 0.01692163854502551, 0.015088214707120679, 0.013824162183100187, 0.012730781373660245, 0.01193003380925475, 0.011175885216098426, 0.010578391715678198, 0.010052797349959888, 0.00976636024124167, 0.009107500070721322, 0.008863494145370056, 0.008882757182488262, 0.00808744977052459, 0.007695396598621374, 0.007536231442308386, 0.007399701114975212, 0.007380744774525704, 0.006940505454529308, 0.006838021453223813, 0.006512974279081493, 0.006533242937376669], "accuracy": [0.8906760811805725, 0.9765889048576355, 0.9788584113121033, 0.9814267754554749, 0.9834994673728943, 0.9860472679138184, 0.9885308146476746, 0.9906119108200073, 0.9920472502708435, 0.9932648539543152, 0.9941094517707825, 0.9947466850280762, 0.9952907562255859, 0.9955021739006042, 0.9958984851837158, 0.9961524605751038, 0.9962984919548035, 0.9965286254882812, 0.9967098832130432, 0.9968549013137817, 0.9969754219055176, 0.9969840049743652, 0.9972876906394958, 0.9973709583282471, 0.9973934292793274, 0.9975124597549438, 0.9975518584251404, 0.9976412057876587, 0.9977059364318848, 0.9978197813034058, 0.9978240728378296], "val_loss": [0.10501790855719585, 0.07409129069760592, 0.05661215909728498, 0.05857773640691632, 0.06452519386404693, 0.0642088684206358, 0.02080816819304318, 0.019580032685865657, 0.019301345839983587, 0.011698613159659536, 0.04520333674971504, 0.009250676886159739, 0.008417587833140384, 0.008908003267615733, 0.007899109111873038, 0.009270859176688122, 0.007448244556511818, 0.009715248936448585, 0.007767606107988442, 0.008078045155288595, 0.006337886599170025, 0.009572040406643705, 0.007098485371438937, 0.018786412148708194, 0.007086296568182532, 0.011347085874847541, 0.007583111804743025, 0.024697634828926035, 0.034647708843377506, 0.01692545872811943, 0.010698314375159416], "val_accuracy": [0.9767453074455261, 0.9782649278640747, 0.9819545745849609, 0.9822938442230225, 0.9830941557884216, 0.9839199185371399, 0.9923697710037231, 0.9929956793785095, 0.9932847023010254, 0.9957111477851868, 0.9878900647163391, 0.99671471118927, 0.997145414352417, 0.9970645904541016, 0.997517466545105, 0.997097909450531, 0.9976579546928406, 0.9970017075538635, 0.9974766969680786, 0.9974550008773804, 0.9979798197746277, 0.9970535635948181, 0.9979079961776733, 0.9947227835655212, 0.9977900981903076, 0.9964901208877563, 0.9976375102996826, 0.9927522540092468, 0.9904454350471497, 0.9952698349952698, 0.9969280958175659]}