{
  "loss": [
    0.8555580806963652
  ],
  "accuracy": [
    0.5348442196846008
  ],
  "val_loss": [
    0.6036018329330638
  ],
  "val_accuracy": [
    0.7610383629798889
  ]
}