{"loss": [0.2888861843399219, 0.09558675467118492, 0.07342848022563539, 0.060432713033375524, 0.05035796311192888, 0.0411219232554298, 0.03399046980424422, 0.028639234758351163, 0.024955662896034812, 0.021855516923352674, 0.019906373931172755, 0.017900754530088197, 0.01642782654757623, 0.015457843134349333, 0.014694356672037077, 0.013707529236034102, 0.012672475968468969, 0.012023221427564613, 0.011536327336753867, 0.011130742572313206, 0.010715923695727107, 0.010521811366670237, 0.009599775946684666, 0.009934446160219514, 0.009392393389928522, 0.008768387892889699, 0.008604079154348397, 0.008307079923470132, 0.008069267519533449, 0.008014820681156491, 0.007742578582127282, 0.007718964502955313, 0.0075424419101250105, 0.007361556504256216, 0.0071853605984957035, 0.0069827530308588445, 0.006789700759602239, 0.00683966103682297, 0.00667862809305227, 0.006675468367899579, 0.006323796990665088, 0.006316165196091602, 0.006432101187754864, 0.006062643371050408, 0.005864599185710529, 0.006024301701145899, 0.005810833055861282, 0.005775741812457819], "accuracy": [0.8857566714286804, 0.9763194918632507, 0.9786563515663147, 0.9810507297515869, 0.9831345677375793, 0.9857345223426819, 0.9881184101104736, 0.9899541139602661, 0.9912986159324646, 0.9924765825271606, 0.9930967092514038, 0.9938170313835144, 0.9943258762359619, 0.9945715069770813, 0.9949396252632141, 0.9952573180198669, 0.9956715106964111, 0.9958375692367554, 0.9960193037986755, 0.9961674809455872, 0.996410608291626, 0.9963428974151611, 0.9966914653778076, 0.9966250658035278, 0.9967880845069885, 0.9969668984413147, 0.997121274471283, 0.9972264766693115, 0.9972658753395081, 0.997312605381012, 0.9974090456962585, 0.9973705410957336, 0.9974761009216309, 0.9975611567497253, 0.9976012706756592, 0.9976630806922913, 0.9977173209190369, 0.9977028369903564, 0.9977728128433228, 0.9977712035179138, 0.9979294538497925, 0.9979164600372314, 0.9978904724121094, 0.9979837536811829, 0.9980043768882751, 0.9979938864707947, 0.9980606436729431, 0.9980499744415283], "val_loss": [0.10270345274998684, 0.07640969926359678, 0.05470716907123549, 0.04564042583183207, 0.03513563621902105, 0.028245243272095016, 0.035350266844034195, 0.12002391940114474, 0.015059065207782569, 0.016697347794443068, 0.012335048856759312, 0.021025728603655643, 0.010168292054041015, 0.012448303300341723, 0.015535130372477902, 0.011486047568420569, 0.012661856968388563, 0.01298099296929484, 0.009096879342740232, 0.01379677349927299, 0.009295755311743252, 0.00950325789245203, 0.015255214611181256, 0.011027028671268261, 0.008434328371705957, 0.019060205376584722, 0.031815015386338484, 0.08236390124592516, 0.06026477731689058, 0.013823968903961205, 0.01620587376604854, 0.0173198783657316, 0.034856845032085075, 0.02152188242685915, 0.23598059146392225, 0.026663461615416138, 0.01829103601983551, 0.3672067029307587, 0.04747772342854678, 0.00888315925134741, 0.04285021578761363, 0.022212601803017384, 0.01879735735499046, 0.07667211990690592, 0.03151056057575977, 0.2479715304392757, 0.24950558248192373, 0.2258667102215266], "val_accuracy": [0.9767453074455261, 0.9783589243888855, 0.9822219014167786, 0.9837837219238281, 0.987374484539032, 0.9898488521575928, 0.9876192808151245, 0.9754883050918579, 0.9945221543312073, 0.9941260814666748, 0.9954038858413696, 0.9929592609405518, 0.99642014503479, 0.9955122470855713, 0.9947941899299622, 0.9959543347358704, 0.9960222840309143, 0.995369017124176, 0.996711254119873, 0.9955255389213562, 0.9968434572219849, 0.9969836473464966, 0.9951204061508179, 0.9964349865913391, 0.9972468614578247, 0.9939606785774231, 0.9910273551940918, 0.9814138412475586, 0.9840875864028931, 0.9954628348350525, 0.9947190880775452, 0.9945311546325684, 0.9905616044998169, 0.9933381676673889, 0.9650864005088806, 0.9918723106384277, 0.9945037961006165, 0.9610192179679871, 0.9879984855651855, 0.9971991777420044, 0.9886099696159363, 0.9938406348228455, 0.9940157532691956, 0.9825844168663025, 0.9917561411857605, 0.9645505547523499, 0.9702185392379761, 0.9683204889297485]}